date,mktrf,smb,hml,rf
2016-01-04,-0.0159,-0.0087,0.0052,0.0
2016-01-05,0.0013,-0.0018,0.0,0.0
2016-01-06,-0.0135,-0.0013,0.0001,0.0
2016-01-07,-0.0244,-0.003,0.0008,0.0
2016-01-08,-0.0111,-0.0049,-0.0003,0.0
2016-01-11,-0.0006,-0.0064,0.004,0.0
2016-01-12,0.0072,-0.0042,-0.0078,0.0
2016-01-13,-0.0266,-0.0073,0.008,0.0
2016-01-14,0.0165,0.0002,-0.0041,0.0
2016-01-15,-0.0213,0.004,-0.0022,0.0
2016-01-19,-0.0019,-0.0134,-0.0007,0.0
2016-01-20,-0.0094,0.0187,-0.0126,0.0
2016-01-21,0.0045,-0.0052,-0.0002,0.0
2016-01-22,0.0208,0.0021,-0.0019,0.0
2016-01-25,-0.017,-0.0039,-0.0098,0.0
2016-01-26,0.0152,0.0041,0.0118,0.0
2016-01-27,-0.0111,-0.0056,0.017,0.0
2016-01-28,0.0049,-0.0047,0.0126,0.0
2016-01-29,0.0257,0.0048,0.0042,0.0
2016-02-01,-0.0004,-0.0019,-0.01,1e-05
2016-02-02,-0.02,-0.0003,-0.0036,1e-05
2016-02-03,0.0046,-0.0033,0.0045,1e-05
2016-02-04,0.0027,0.0011,0.0035,1e-05
2016-02-05,-0.0206,-0.0107,0.0163,1e-05
2016-02-08,-0.0151,-0.0001,0.0083,1e-05
2016-02-09,-0.0008,-0.0047,-0.0029,1e-05
2016-02-10,0.0001,-0.0005,-0.0055,1e-05
2016-02-11,-0.0117,0.0051,-0.0147,1e-05
2016-02-12,0.0198,-0.0052,0.0109,1e-05
2016-02-16,0.0178,0.0052,-0.0052,1e-05
2016-02-17,0.0174,-0.0006,-0.0065,1e-05
2016-02-18,-0.0051,0.0,0.0022,1e-05
2016-02-19,0.0006,0.0043,-0.0058,1e-05
2016-02-22,0.0143,-0.0027,0.0026,1e-05
2016-02-23,-0.0121,0.0047,-0.005,1e-05
2016-02-24,0.0054,0.007,-0.0029,1e-05
2016-02-25,0.011,-0.0043,0.0022,1e-05
2016-02-26,-0.0002,0.008,0.0029,1e-05
2016-02-29,-0.0069,0.0065,0.0025,1e-05
2016-03-01,0.0234,-0.0066,0.0039,1e-05
2016-03-02,0.0054,0.0052,0.0068,1e-05
2016-03-03,0.005,0.0046,0.0065,1e-05
2016-03-04,0.0037,0.0029,0.0028,1e-05
2016-03-07,0.0021,0.012,0.0055,1e-05
2016-03-08,-0.0127,-0.0117,-0.0047,1e-05
2016-03-09,0.005,0.0001,0.0041,1e-05
2016-03-10,-0.001,-0.0086,0.0062,1e-05
2016-03-11,0.0169,0.0028,0.0023,1e-05
2016-03-14,-0.0013,-0.0008,-0.009,1e-05
2016-03-15,-0.0035,-0.0149,0.0069,1e-05
2016-03-16,0.0063,0.0011,-0.0009,1e-05
2016-03-17,0.0071,0.0083,0.0059,1e-05
2016-03-18,0.0054,0.0037,-0.0014,1e-05
2016-03-21,0.001,-0.0022,-0.0033,1e-05
2016-03-22,-0.0005,-0.0001,-0.0045,1e-05
2016-03-23,-0.0085,-0.0117,-0.0016,1e-05
2016-03-24,0.0,0.0048,-0.0006,1e-05
2016-03-28,0.0004,-0.0003,0.0016,1e-05
2016-03-29,0.0107,0.018,-0.0119,1e-05
2016-03-30,0.0041,-0.003,0.0016,1e-05
2016-03-31,-0.0011,0.0045,-0.0049,1e-05
2016-04-01,0.0064,-0.0025,-0.0063,0.0
2016-04-04,-0.0041,-0.002,-0.0078,0.0
2016-04-05,-0.0094,-0.0009,-0.0038,0.0
2016-04-06,0.0114,0.0022,-0.0076,0.0
2016-04-07,-0.0123,-0.0005,-0.0038,0.0
2016-04-08,0.0029,0.0002,0.0068,0.0
2016-04-11,-0.0029,-0.0013,0.0095,0.0
2016-04-12,0.0099,-0.0007,0.0088,0.0
2016-04-13,0.0123,0.0086,0.0038,0.0
2016-04-14,0.0003,-0.0026,0.0014,0.0
2016-04-15,-0.0004,0.0034,-0.0034,0.0
2016-04-18,0.0065,0.0011,-0.0019,0.0
2016-04-19,0.0028,-0.0037,0.0148,0.0
2016-04-20,0.0015,-0.0011,0.0058,0.0
2016-04-21,-0.0048,0.001,-0.006,0.0
2016-04-22,0.0012,0.0082,0.0051,0.0
2016-04-25,-0.0024,-0.0058,-0.0018,0.0
2016-04-26,0.0029,0.0066,0.0081,0.0
2016-04-27,0.0021,0.0005,0.007,0.0
2016-04-28,-0.0096,-0.0013,-0.0002,0.0
2016-04-29,-0.005,-0.0015,0.0036,0.0
2016-05-02,0.0079,0.0003,-0.0038,1e-05
2016-05-03,-0.0105,-0.0066,-0.0045,1e-05
2016-05-04,-0.0066,-0.0014,0.0005,1e-05
2016-05-05,-0.0008,-0.005,0.0006,1e-05
2016-05-06,0.0038,0.0003,0.0024,1e-05
2016-05-09,0.0005,0.0039,-0.0146,1e-05
2016-05-10,0.0126,-0.004,0.005,1e-05
2016-05-11,-0.0089,-0.0035,0.0079,1e-05
2016-05-12,-0.0011,-0.0062,0.0014,1e-05
2016-05-13,-0.0082,0.0039,-0.0067,1e-05
2016-05-16,0.0099,0.0028,-0.0023,1e-05
2016-05-17,-0.0095,-0.008,0.0061,1e-05
2016-05-18,0.001,0.0013,0.0089,1e-05
2016-05-19,-0.0032,-0.0035,-0.0026,1e-05
2016-05-20,0.0075,0.0091,-0.0026,1e-05
2016-05-23,-0.0019,0.0025,-0.0032,1e-05
2016-05-24,0.0143,0.0071,-0.0035,1e-05
2016-05-25,0.0071,-0.0021,0.0056,1e-05
2016-05-26,-0.0004,-0.0008,-0.0053,1e-05
2016-05-27,0.0048,0.0035,-0.0017,1e-05
2016-05-31,-0.0001,0.0052,-0.0037,1e-05
2016-06-01,0.002,0.0065,-0.0021,1e-05
2016-06-02,0.0035,0.0034,-0.0058,1e-05
2016-06-03,-0.0038,-0.0016,-0.0007,1e-05
2016-06-06,0.006,0.0067,0.0031,1e-05
2016-06-07,0.0012,0.0016,0.001,1e-05
2016-06-08,0.0037,0.0045,-0.0009,1e-05
2016-06-09,-0.0027,-0.004,-0.0024,1e-05
2016-06-10,-0.0105,-0.0035,-0.0018,1e-05
2016-06-13,-0.0084,-0.0035,0.0012,1e-05
2016-06-14,-0.0019,0.0026,-0.0072,1e-05
2016-06-15,-0.0011,0.0023,-0.0003,1e-05
2016-06-16,0.0024,-0.0035,-0.0044,1e-05
2016-06-17,-0.003,-0.0011,0.0095,1e-05
2016-06-20,0.0071,0.0062,0.0001,1e-05
2016-06-21,0.0021,-0.0064,0.0051,1e-05
2016-06-22,-0.002,-0.0032,0.0008,1e-05
2016-06-23,0.0145,0.0051,0.0047,1e-05
2016-06-24,-0.0369,0.0017,-0.0121,1e-05
2016-06-27,-0.0206,-0.0095,-0.0072,1e-05
2016-06-28,0.0176,-0.0038,0.0016,1e-05
2016-06-29,0.0179,0.0028,-0.0004,1e-05
2016-06-30,0.0142,0.0035,0.0042,1e-05
2016-07-01,0.0024,0.0052,-0.0043,1e-05
2016-07-05,-0.0084,-0.0063,-0.0138,1e-05
2016-07-06,0.0062,0.0017,-0.0012,1e-05
2016-07-07,0.0002,0.0033,-0.0018,1e-05
2016-07-08,0.0159,0.0091,0.0033,1e-05
2016-07-11,0.0043,0.006,0.0028,1e-05
2016-07-12,0.0075,0.0062,0.0098,1e-05
2016-07-13,-0.0004,-0.0051,0.0048,1e-05
2016-07-14,0.0051,-0.0046,0.0046,1e-05
2016-07-15,-0.0005,0.0031,0.0001,1e-05
2016-07-18,0.0024,-0.0002,-0.0014,1e-05
2016-07-19,-0.0022,-0.0064,0.0004,1e-05
2016-07-20,0.0048,0.0044,-0.0089,1e-05
2016-07-21,-0.0038,-0.0005,-0.0004,1e-05
2016-07-22,0.0048,0.0026,-0.0013,1e-05
2016-07-25,-0.0027,-0.0005,-0.0023,1e-05
2016-07-26,0.0013,0.0058,0.0054,1e-05
2016-07-27,-0.0014,0.0056,-0.0043,1e-05
2016-07-28,0.0019,-0.0048,-0.0033,1e-05
2016-07-29,0.0017,-0.0005,0.0003,1e-05
2016-08-01,-0.0016,0.002,-0.009,1e-05
2016-08-02,-0.007,-0.0057,0.0017,1e-05
2016-08-03,0.0045,0.0049,0.008,1e-05
2016-08-04,0.0006,0.0009,-0.0038,1e-05
2016-08-05,0.0093,0.0039,0.01,1e-05
2016-08-08,-0.0006,0.0002,0.005,1e-05
2016-08-09,0.0005,-0.0003,-0.0028,1e-05
2016-08-10,-0.0029,-0.0044,-0.0018,1e-05
2016-08-11,0.0054,0.0014,0.0003,1e-05
2016-08-12,-0.0006,0.0009,-0.0017,1e-05
2016-08-15,0.0038,0.0075,0.0039,1e-05
2016-08-16,-0.0057,-0.0027,0.0058,1e-05
2016-08-17,0.0012,-0.0055,0.0024,1e-05
2016-08-18,0.0032,0.0046,0.0034,1e-05
2016-08-19,-0.0011,0.001,-0.0013,1e-05
2016-08-22,-0.0002,0.0025,-0.004,1e-05
2016-08-23,0.0026,0.0057,-0.0001,1e-05
2016-08-24,-0.0055,-0.0048,0.0037,1e-05
2016-08-25,-0.0008,0.0019,0.0048,1e-05
2016-08-26,-0.0015,0.0014,-0.0009,1e-05
2016-08-29,0.0053,-0.0008,0.0034,1e-05
2016-08-30,-0.0014,0.0012,0.0028,1e-05
2016-08-31,-0.0024,-0.0039,0.0015,1e-05
2016-09-01,0.0003,0.0012,-0.0051,1e-05
2016-09-02,0.0053,0.004,0.0036,1e-05
2016-09-06,0.0027,0.0009,-0.0055,1e-05
2016-09-07,0.0009,0.0063,0.0002,1e-05
2016-09-08,-0.0018,-0.0001,0.0059,1e-05
2016-09-09,-0.0246,-0.0057,0.0043,1e-05
2016-09-12,0.0144,0.0001,-0.0045,1e-05
2016-09-13,-0.0148,-0.0025,-0.0043,1e-05
2016-09-14,-0.0008,0.0012,-0.0081,1e-05
2016-09-15,0.0108,0.003,-0.0032,1e-05
2016-09-16,-0.0036,0.0032,-0.0044,1e-05
2016-09-19,0.0005,0.0043,0.0015,1e-05
2016-09-20,-0.0002,-0.0024,-0.0041,1e-05
2016-09-21,0.0112,0.0015,0.0033,1e-05
2016-09-22,0.007,0.0086,-0.0006,1e-05
2016-09-23,-0.006,-0.001,-0.002,1e-05
2016-09-26,-0.0088,-0.0022,-0.0036,1e-05
2016-09-27,0.0064,-0.0007,-0.0049,1e-05
2016-09-28,0.0056,0.002,0.011,1e-05
2016-09-29,-0.0098,-0.004,0.005,1e-05
2016-09-30,0.0088,0.0038,0.0035,1e-05
2016-10-03,-0.0027,-0.0002,-0.0014,1e-05
2016-10-04,-0.0045,0.0003,0.0014,1e-05
2016-10-05,0.0058,0.0029,0.008,1e-05
2016-10-06,-0.0006,-0.0025,0.0028,1e-05
2016-10-07,-0.0038,-0.0051,0.002,1e-05
2016-10-10,0.0052,0.0056,0.0005,1e-05
2016-10-11,-0.013,-0.0059,0.0043,1e-05
2016-10-12,0.0006,-0.0024,0.0034,1e-05
2016-10-13,-0.0041,-0.0069,-0.0063,1e-05
2016-10-14,0.0001,-0.0039,0.0058,1e-05
2016-10-17,-0.0029,-0.0004,0.0015,1e-05
2016-10-18,0.006,-0.0018,0.0005,1e-05
2016-10-19,0.0024,0.0005,0.0093,1e-05
2016-10-20,-0.0016,-0.0003,-0.0011,1e-05
2016-10-21,0.0002,-0.0014,-0.0033,1e-05
2016-10-24,0.0054,0.0006,-0.0019,1e-05
2016-10-25,-0.0046,-0.0059,0.0024,1e-05
2016-10-26,-0.0023,-0.0084,0.0071,1e-05
2016-10-27,-0.0032,-0.0096,0.0056,1e-05
2016-10-28,-0.0029,-0.001,0.0009,1e-05
2016-10-31,0.0002,0.0007,0.0009,1e-05
2016-11-01,-0.0068,-0.0039,0.0023,1e-05
2016-11-02,-0.0073,-0.0064,0.0026,1e-05
2016-11-03,-0.004,-0.0045,0.0105,1e-05
2016-11-04,-0.0012,0.0086,-0.0042,1e-05
2016-11-07,0.0224,0.0018,-0.0011,1e-05
2016-11-08,0.0041,-0.0009,-0.0023,1e-05
2016-11-09,0.0145,0.0188,0.0107,1e-05
2016-11-10,0.0033,0.0114,0.0185,1e-05
2016-11-11,0.0018,0.0252,-0.0003,1e-05
2016-11-14,0.002,0.0064,0.0141,1e-05
2016-11-15,0.008,-0.0054,0.0015,1e-05
2016-11-16,-0.0012,0.003,-0.0054,1e-05
2016-11-17,0.0056,0.0013,-0.0015,1e-05
2016-11-18,-0.0016,0.0056,0.0038,1e-05
2016-11-21,0.0077,-0.0026,0.0005,1e-05
2016-11-22,0.0031,0.0056,0.0053,1e-05
2016-11-23,0.0016,0.005,0.0019,1e-05
2016-11-25,0.004,-0.0006,-0.0029,1e-05
2016-11-28,-0.0064,-0.0076,0.0008,1e-05
2016-11-29,0.0012,-0.0036,-0.0005,1e-05
2016-11-30,-0.0025,-0.0038,0.022,1e-05
2016-12-01,-0.0036,-0.0064,0.0203,1e-05
2016-12-02,0.0,0.0004,-0.0032,1e-05
2016-12-05,0.0075,0.0109,0.0027,1e-05
2016-12-06,0.0048,0.0062,0.0021,1e-05
2016-12-07,0.0126,-0.006,0.0048,1e-05
2016-12-08,0.0036,0.0116,0.006,1e-05
2016-12-09,0.0046,-0.0028,0.002,1e-05
2016-12-12,-0.003,-0.0095,-0.0014,1e-05
2016-12-13,0.006,-0.0053,-0.0025,1e-05
2016-12-14,-0.0082,-0.0038,-0.0028,1e-05
2016-12-15,0.0046,0.0038,0.0029,1e-05
2016-12-16,-0.0022,0.0007,-0.0041,1e-05
2016-12-19,0.0022,0.0033,0.0006,1e-05
2016-12-20,0.0044,0.0043,0.0064,1e-05
2016-12-21,-0.0024,-0.0036,0.002,1e-05
2016-12-22,-0.003,-0.0075,0.0025,1e-05
2016-12-23,0.0019,0.0057,-0.005,1e-05
2016-12-27,0.0027,0.0022,0.0013,1e-05
2016-12-28,-0.0087,-0.0027,0.0008,1e-05
2016-12-29,-0.0004,0.0015,-0.0033,1e-05
2016-12-30,-0.0052,-0.0011,0.0021,1e-05
2017-01-03,0.0083,-0.0012,0.0006,2e-05
2017-01-04,0.0079,0.0095,-0.0015,2e-05
2017-01-05,-0.0021,-0.0088,-0.0079,2e-05
2017-01-06,0.0029,-0.0066,-0.0031,2e-05
2017-01-09,-0.0037,-0.003,-0.0103,2e-05
2017-01-10,0.0016,0.0089,0.0043,2e-05
2017-01-11,0.0031,-0.0023,0.0068,2e-05
2017-01-12,-0.003,-0.0058,-0.0086,2e-05
2017-01-13,0.0029,0.0061,-0.0009,2e-05
2017-01-17,-0.0049,-0.0085,-0.0064,2e-05
2017-01-18,0.0024,0.0018,0.0023,2e-05
2017-01-19,-0.0038,-0.005,-0.0006,2e-05
2017-01-20,0.0033,0.0005,0.0022,2e-05
2017-01-23,-0.0029,-0.0004,-0.0033,2e-05
2017-01-24,0.0082,0.0071,0.0081,2e-05
2017-01-25,0.0084,0.0017,0.0043,2e-05
2017-01-26,-0.001,-0.0062,0.004,2e-05
2017-01-27,-0.0012,-0.0001,-0.0068,2e-05
2017-01-30,-0.0068,-0.0072,-0.0046,2e-05
2017-01-31,0.0,0.0087,-0.0055,2e-05
2017-02-01,0.0003,-0.0008,0.0004,2e-05
2017-02-02,-0.0002,-0.0024,-0.0029,2e-05
2017-02-03,0.0082,0.0051,0.0074,2e-05
2017-02-06,-0.0027,-0.0062,-0.0017,2e-05
2017-02-07,-0.0001,-0.003,-0.0051,2e-05
2017-02-08,0.0007,-0.0024,-0.0059,2e-05
2017-02-09,0.0072,0.0068,0.0008,2e-05
2017-02-10,0.0037,0.0039,0.0017,2e-05
2017-02-13,0.0049,-0.0032,0.0034,2e-05
2017-02-14,0.0045,-0.0024,0.0035,2e-05
2017-02-15,0.0053,0.0018,-0.0042,2e-05
2017-02-16,-0.0016,-0.0022,0.0,2e-05
2017-02-17,0.002,0.0,-0.0054,2e-05
2017-02-21,0.006,-0.0001,0.0013,2e-05
2017-02-22,-0.0015,-0.0037,0.001,2e-05
2017-02-23,-0.0012,-0.0066,0.0024,2e-05
2017-02-24,0.0015,0.0003,-0.0096,2e-05
2017-02-27,0.0021,0.0083,-0.0034,2e-05
2017-02-28,-0.0042,-0.0137,0.0014,2e-05
2017-03-01,0.0147,0.0042,0.0077,1e-05
2017-03-02,-0.007,-0.0052,-0.009,1e-05
2017-03-03,0.0008,-0.0022,0.0014,1e-05
2017-03-06,-0.0037,-0.0035,-0.0008,1e-05
2017-03-07,-0.0035,-0.0029,-0.0007,1e-05
2017-03-08,-0.0019,-0.0012,-0.0083,1e-05
2017-03-09,0.0005,-0.0047,-0.0023,1e-05
2017-03-10,0.0034,0.0009,-0.0048,1e-05
2017-03-13,0.0013,0.0032,-0.0008,1e-05
2017-03-14,-0.0036,-0.0023,-0.0001,1e-05
2017-03-15,0.0086,0.0071,-0.0046,1e-05
2017-03-16,-0.0007,0.0046,0.0023,1e-05
2017-03-17,-0.0008,0.0064,-0.0034,1e-05
2017-03-20,-0.0026,-0.0011,-0.0071,1e-05
2017-03-21,-0.0149,-0.0133,-0.0071,1e-05
2017-03-22,0.0016,-0.003,-0.0057,1e-05
2017-03-23,-0.0003,0.0069,0.0049,1e-05
2017-03-24,-0.0005,0.0013,-0.002,1e-05
2017-03-27,-0.0006,0.0054,-0.0049,1e-05
2017-03-28,0.0073,-0.0015,0.0072,1e-05
2017-03-29,0.0018,0.0038,-0.0009,1e-05
2017-03-30,0.0036,0.0034,0.0092,1e-05
2017-03-31,-0.0016,0.0058,-0.0032,1e-05
2017-04-03,-0.0028,-0.0111,-0.0008,3e-05
2017-04-04,0.0005,-0.0023,0.0031,3e-05
2017-04-05,-0.0044,-0.0079,-0.003,3e-05
2017-04-06,0.0031,0.0066,0.0048,3e-05
2017-04-07,-0.0008,0.0013,-0.0026,3e-05
2017-04-10,0.0008,0.001,0.0007,3e-05
2017-04-11,-0.0005,0.008,0.0023,3e-05
2017-04-12,-0.0049,-0.0084,-0.0054,3e-05
2017-04-13,-0.0075,-0.0025,-0.0081,3e-05
2017-04-17,0.0089,0.0025,0.0024,3e-05
2017-04-18,-0.0025,0.0037,-0.0019,3e-05
2017-04-19,-0.0008,0.0059,-0.0044,3e-05
2017-04-20,0.0084,0.0054,0.0026,3e-05
2017-04-21,-0.0028,0.0011,-0.0015,3e-05
2017-04-24,0.0119,0.0016,0.005,3e-05
2017-04-25,0.0066,0.0037,-0.0007,3e-05
2017-04-26,0.0004,0.0071,0.0032,3e-05
2017-04-27,0.0005,-0.0013,-0.0097,3e-05
2017-04-28,-0.003,-0.007,-0.006,3e-05
2017-05-01,0.0021,0.0025,-0.0011,3e-05
2017-05-02,0.0003,-0.0046,-0.0023,3e-05
2017-05-03,-0.0019,-0.0055,0.0023,3e-05
2017-05-04,0.0002,-0.0008,-0.0034,3e-05
2017-05-05,0.0046,0.0007,0.0,3e-05
2017-05-08,-0.0004,-0.0024,0.0025,3e-05
2017-05-09,-0.0005,0.0049,-0.008,3e-05
2017-05-10,0.002,0.0019,0.0003,3e-05
2017-05-11,-0.0025,-0.0039,-0.0016,3e-05
2017-05-12,-0.0018,-0.003,-0.0061,3e-05
2017-05-15,0.0053,0.0026,0.002,3e-05
2017-05-16,-0.0003,0.0014,-0.0009,3e-05
2017-05-17,-0.0197,-0.0086,-0.006,3e-05
2017-05-18,0.004,0.0005,-0.0038,3e-05
2017-05-19,0.007,-0.0037,0.004,3e-05
2017-05-22,0.0056,0.0028,-0.003,3e-05
2017-05-23,0.0018,-0.001,0.0064,3e-05
2017-05-24,0.0024,-0.0013,-0.0046,3e-05
2017-05-25,0.0042,-0.0028,-0.0074,3e-05
2017-05-26,0.0006,-0.0003,0.001,3e-05
2017-05-30,-0.0019,-0.005,-0.0035,3e-05
2017-05-31,-0.0002,0.0004,-0.0053,3e-05
2017-06-01,0.0095,0.01,0.0005,3e-05
2017-06-02,0.0035,0.0057,-0.0076,3e-05
2017-06-05,-0.0017,-0.0046,-0.0004,3e-05
2017-06-06,-0.0028,0.0009,-0.0003,3e-05
2017-06-07,0.0015,-0.0017,-0.0004,3e-05
2017-06-08,0.0019,0.0115,0.0093,3e-05
2017-06-09,-0.0012,0.0004,0.0244,3e-05
2017-06-12,-0.0012,-0.0025,0.0034,3e-05
2017-06-13,0.0055,0.0009,-0.0014,3e-05
2017-06-14,-0.0018,-0.0047,-0.0052,3e-05
2017-06-15,-0.0031,-0.0024,-0.0011,3e-05
2017-06-16,-0.0004,-0.0021,-0.0019,3e-05
2017-06-19,0.0086,0.001,-0.0073,3e-05
2017-06-20,-0.0073,-0.004,-0.0048,3e-05
2017-06-21,-0.0007,-0.0006,-0.0167,3e-05
2017-06-22,0.0002,0.0051,-0.0041,3e-05
2017-06-23,0.0024,0.0083,-0.0048,3e-05
2017-06-26,0.0004,-0.0003,0.007,3e-05
2017-06-27,-0.0085,-0.0039,0.0134,3e-05
2017-06-28,0.0102,0.0075,0.0021,3e-05
2017-06-29,-0.0083,-0.0013,0.0137,3e-05
2017-06-30,0.0014,-0.0009,-0.003,3e-05
2017-07-03,0.0023,0.0036,0.0121,4e-05
2017-07-05,0.0012,-0.0068,-0.0058,4e-05
2017-07-06,-0.0095,-0.005,0.0012,4e-05
2017-07-07,0.0069,0.0041,-0.0041,4e-05
2017-07-10,0.0005,-0.0044,-0.0008,4e-05
2017-07-11,0.0,0.0036,-0.0055,4e-05
2017-07-12,0.0072,0.0012,-0.0052,4e-05
2017-07-13,0.0017,-0.0008,0.0039,4e-05
2017-07-14,0.0042,-0.0013,-0.0052,4e-05
2017-07-17,0.0,0.0021,0.001,4e-05
2017-07-18,0.0004,-0.0029,-0.003,4e-05
2017-07-19,0.0059,0.0052,0.0003,4e-05
2017-07-20,-0.0001,0.0006,-0.0005,4e-05
2017-07-21,-0.0008,-0.0041,-0.0024,4e-05
2017-07-24,-0.0003,0.001,-0.0018,4e-05
2017-07-25,0.0038,0.0036,0.0096,4e-05
2017-07-26,-0.0006,-0.0035,-0.0076,4e-05
2017-07-27,-0.0014,-0.0063,0.0044,4e-05
2017-07-28,-0.0017,-0.0003,0.0027,4e-05
2017-07-31,-0.0011,-0.0035,0.0046,4e-05
2017-08-01,0.0024,-0.0019,0.0014,4e-05
2017-08-02,-0.0008,-0.0118,0.0015,4e-05
2017-08-03,-0.0021,-0.0034,-0.0033,4e-05
2017-08-04,0.0025,0.0032,0.004,4e-05
2017-08-07,0.0016,-0.001,-0.0058,4e-05
2017-08-08,-0.0023,-0.0007,0.0023,4e-05
2017-08-09,-0.0014,-0.0078,-0.0008,4e-05
2017-08-10,-0.0149,-0.003,0.0026,4e-05
2017-08-11,0.0019,0.0024,-0.0087,4e-05
2017-08-14,0.0104,0.0029,0.0012,4e-05
2017-08-15,-0.0011,-0.0086,-0.0003,4e-05
2017-08-16,0.0018,-0.0013,-0.0044,4e-05
2017-08-17,-0.016,-0.0017,-0.0017,4e-05
2017-08-18,-0.0015,0.0012,0.0024,4e-05
2017-08-21,0.0006,-0.0024,-0.0022,4e-05
2017-08-22,0.0107,-0.0002,-0.0024,4e-05
2017-08-23,-0.0032,0.0009,0.0042,4e-05
2017-08-24,-0.0015,0.0059,0.0017,4e-05
2017-08-25,0.0018,0.0012,0.0056,4e-05
2017-08-28,0.0008,0.0034,-0.0074,4e-05
2017-08-29,0.001,0.0013,-0.0038,4e-05
2017-08-30,0.0053,0.0,-0.0032,4e-05
2017-08-31,0.0062,0.0049,-0.0043,4e-05
2017-09-01,0.0028,0.0041,0.004,5e-05
2017-09-05,-0.008,0.0007,-0.0099,5e-05
2017-09-06,0.0029,-0.0006,0.0012,5e-05
2017-09-07,-0.0007,0.0014,-0.0091,5e-05
2017-09-08,-0.0017,0.0003,0.0038,5e-05
2017-09-11,0.0107,-0.0011,0.0064,5e-05
2017-09-12,0.0042,0.0024,0.0072,5e-05
2017-09-13,0.001,0.0027,0.0032,5e-05
2017-09-14,-0.0013,-0.0003,-0.0006,5e-05
2017-09-15,0.002,0.0029,0.0014,5e-05
2017-09-18,0.0024,0.0039,0.0021,5e-05
2017-09-19,0.0015,-0.0029,0.004,5e-05
2017-09-20,0.0015,0.0022,0.0049,5e-05
2017-09-21,-0.0028,0.001,0.0037,5e-05
2017-09-22,0.0013,0.0044,0.0012,5e-05
2017-09-25,-0.0026,0.0032,0.0059,5e-05
2017-09-26,0.0006,0.004,0.0017,5e-05
2017-09-27,0.0063,0.0139,0.0023,5e-05
2017-09-28,0.0013,0.0018,-0.0005,5e-05
2017-09-29,0.0035,-0.0014,-0.0026,5e-05
2017-10-02,0.005,0.0085,0.0013,4e-05
2017-10-03,0.0026,-0.0004,-0.0005,4e-05
2017-10-04,0.0005,-0.0027,-0.0045,4e-05
2017-10-05,0.0055,-0.0033,0.0039,4e-05
2017-10-06,-0.0008,-0.0007,-0.0025,4e-05
2017-10-09,-0.0023,-0.0028,0.0,4e-05
2017-10-10,0.0024,-0.0001,0.0043,4e-05
2017-10-11,0.0016,-0.0019,-0.0019,4e-05
2017-10-12,-0.0018,0.0004,-0.0052,4e-05
2017-10-13,0.0004,-0.0022,0.0012,4e-05
2017-10-16,0.0017,-0.0027,0.0036,4e-05
2017-10-17,0.0001,-0.0034,-0.0032,4e-05
2017-10-18,0.0014,0.003,0.0023,4e-05
2017-10-19,0.0002,-0.0039,0.0016,4e-05
2017-10-20,0.0057,-0.0009,0.0027,4e-05
2017-10-23,-0.0045,-0.0044,0.0017,4e-05
2017-10-24,0.002,-0.0019,0.0049,4e-05
2017-10-25,-0.005,0.0002,0.0015,4e-05
2017-10-26,0.002,0.0004,0.0029,4e-05
2017-10-27,0.0082,-0.0003,-0.0098,4e-05
2017-10-30,-0.0046,-0.0081,-0.0005,4e-05
2017-10-31,0.0023,0.0084,-0.0025,4e-05
2017-11-01,0.0005,-0.0079,0.0008,4e-05
2017-11-02,0.0006,-0.0001,0.0051,4e-05
2017-11-03,0.0031,-0.0044,-0.0072,4e-05
2017-11-06,0.0006,0.0023,0.0019,4e-05
2017-11-07,-0.002,-0.0136,-0.004,4e-05
2017-11-08,0.0012,0.0004,-0.006,4e-05
2017-11-09,-0.0041,-0.0004,0.0022,4e-05
2017-11-10,0.0001,0.0007,-0.0043,4e-05
2017-11-13,0.0009,-0.003,0.0009,4e-05
2017-11-14,-0.0022,-0.0012,0.0,4e-05
2017-11-15,-0.0052,-0.0004,0.0023,4e-05
2017-11-16,0.0101,0.0086,-0.0053,4e-05
2017-11-17,-0.0014,0.0074,0.0027,4e-05
2017-11-20,0.0021,0.0056,0.0003,4e-05
2017-11-21,0.0068,0.0041,-0.0033,4e-05
2017-11-22,-0.0005,0.0011,-0.0008,4e-05
2017-11-24,0.0021,0.0002,-0.0043,4e-05
2017-11-27,-0.0006,-0.0037,0.0001,4e-05
2017-11-28,0.0106,0.0039,0.0086,4e-05
2017-11-29,0.0002,0.0007,0.0148,4e-05
2017-11-30,0.0083,-0.0056,-0.0052,4e-05
2017-12-01,-0.0022,-0.0036,0.0038,4e-05
2017-12-04,-0.0011,-0.0034,0.0122,4e-05
2017-12-05,-0.0042,-0.0046,-0.0022,4e-05
2017-12-06,-0.0009,-0.0046,-0.0053,4e-05
2017-12-07,0.0042,0.0026,-0.002,4e-05
2017-12-08,0.0051,-0.0046,-0.0014,4e-05
2017-12-11,0.0027,-0.0043,-0.0018,4e-05
2017-12-12,0.0007,-0.0052,0.005,4e-05
2017-12-13,0.0003,0.0072,-0.0089,4e-05
2017-12-14,-0.0047,-0.007,-0.0022,4e-05
2017-12-15,0.0092,0.0068,0.0004,4e-05
2017-12-18,0.0066,0.0075,0.0027,4e-05
2017-12-19,-0.003,-0.0036,-0.0024,4e-05
2017-12-20,0.0001,0.0035,0.0006,4e-05
2017-12-21,0.0024,0.0027,0.0063,4e-05
2017-12-22,-0.0007,-0.0021,-0.0021,4e-05
2017-12-26,-0.0007,0.0033,-0.0007,4e-05
2017-12-27,0.0005,-0.0013,-0.002,4e-05
2017-12-28,0.0022,0.0012,0.0005,4e-05
2017-12-29,-0.0057,-0.0031,0.0001,4e-05
2018-01-02,0.0085,0.0035,-0.0021,5e-05
2018-01-03,0.0059,-0.0039,-0.0019,5e-05
2018-01-04,0.0042,-0.0026,0.0024,5e-05
2018-01-05,0.0066,-0.0035,-0.0025,5e-05
2018-01-08,0.0019,-0.0015,0.0005,5e-05
2018-01-09,0.0015,-0.0035,-0.0004,5e-05
2018-01-10,-0.0007,0.0006,0.0057,5e-05
2018-01-11,0.0087,0.0114,0.003,5e-05
2018-01-12,0.0066,-0.0032,0.0016,5e-05
2018-01-16,-0.0049,-0.0102,0.0001,5e-05
2018-01-17,0.0095,-0.0003,-0.001,5e-05
2018-01-18,-0.0018,-0.005,-0.0025,5e-05
2018-01-19,0.0057,0.0094,-0.0005,5e-05
2018-01-22,0.0077,-0.0034,-0.0016,5e-05
2018-01-23,0.0022,0.0014,-0.0036,5e-05
2018-01-24,-0.0013,-0.0084,0.0044,5e-05
2018-01-25,0.0007,0.0014,-0.0054,5e-05
2018-01-26,0.0111,-0.006,-0.0051,5e-05
2018-01-29,-0.0062,-0.0003,-0.0028,5e-05
2018-01-30,-0.0106,0.0015,-0.0021,5e-05
2018-01-31,-0.0007,-0.0074,0.0011,5e-05
2018-02-01,0.0003,0.0008,0.0053,6e-05
2018-02-02,-0.0213,0.0004,-0.0029,6e-05
2018-02-05,-0.0404,0.0079,-0.0059,6e-05
2018-02-06,0.0167,-0.0052,-0.0019,6e-05
2018-02-07,-0.0038,0.0053,0.0021,6e-05
2018-02-08,-0.0368,0.0081,0.0052,6e-05
2018-02-09,0.0137,-0.0059,0.0015,6e-05
2018-02-12,0.0136,-0.0046,-0.003,6e-05
2018-02-13,0.0031,0.0008,-0.0024,6e-05
2018-02-14,0.0152,0.0026,0.0048,6e-05
2018-02-15,0.0122,-0.0014,-0.0063,6e-05
2018-02-16,0.0003,0.0035,0.0015,6e-05
2018-02-20,-0.0062,-0.0036,-0.0024,6e-05
2018-02-21,-0.0044,0.0079,0.0023,6e-05
2018-02-22,0.0001,0.0005,-0.0041,6e-05
2018-02-23,0.0154,-0.0038,-0.0014,6e-05
2018-02-26,0.0112,-0.005,-0.0006,6e-05
2018-02-27,-0.0125,-0.0019,0.0003,6e-05
2018-02-28,-0.0111,-0.0042,-0.0031,6e-05
2018-03-01,-0.0119,0.01,-0.0003,6e-05
2018-03-02,0.007,0.0118,-0.0048,6e-05
2018-03-05,0.0107,-0.0039,0.0022,6e-05
2018-03-06,0.0036,0.0069,0.0013,6e-05
2018-03-07,0.0005,0.0078,-0.0044,6e-05
2018-03-08,0.0038,-0.0049,-0.0035,6e-05
2018-03-09,0.0171,-0.0025,0.0027,6e-05
2018-03-12,-0.0009,0.0047,-0.0008,6e-05
2018-03-13,-0.0067,0.0008,0.0003,6e-05
2018-03-14,-0.0053,0.0023,-0.0057,6e-05
2018-03-15,-0.0017,-0.0039,0.0031,6e-05
2018-03-16,0.0025,0.0046,0.0017,6e-05
2018-03-19,-0.0137,0.0035,0.0041,6e-05
2018-03-20,0.0014,-0.0007,-0.0036,6e-05
2018-03-21,-0.0007,0.0074,0.0044,6e-05
2018-03-22,-0.0254,0.0051,-0.0049,6e-05
2018-03-23,-0.021,0.0022,-0.0023,6e-05
2018-03-26,0.0267,-0.0068,0.0003,6e-05
2018-03-27,-0.0187,-0.0021,0.0037,6e-05
2018-03-28,-0.0035,0.0013,0.0064,6e-05
2018-03-29,0.0141,-0.0031,-0.0022,6e-05
2018-04-02,-0.023,-0.0013,0.0038,7e-05
2018-04-03,0.0125,-0.0004,0.0018,7e-05
2018-04-04,0.0117,0.0033,-0.0032,7e-05
2018-04-05,0.0075,0.0002,0.0046,7e-05
2018-04-06,-0.0219,0.004,-0.0006,7e-05
2018-04-09,0.003,-0.0015,-0.0051,7e-05
2018-04-10,0.0177,0.004,-0.0012,7e-05
2018-04-11,-0.0049,0.0092,-0.003,7e-05
2018-04-12,0.0085,-0.0023,0.0019,7e-05
2018-04-13,-0.0037,0.0003,-0.0025,7e-05
2018-04-16,0.0082,0.0007,-0.0002,7e-05
2018-04-17,0.0109,0.0016,-0.0118,7e-05
2018-04-18,0.0013,0.0022,0.0002,7e-05
2018-04-19,-0.0049,-0.0047,0.0108,7e-05
2018-04-20,-0.0081,0.0006,0.0058,7e-05
2018-04-23,-0.0005,-0.0008,0.0019,7e-05
2018-04-24,-0.013,0.0053,0.0102,7e-05
2018-04-25,0.0011,-0.0034,0.0006,7e-05
2018-04-26,0.0095,-0.0039,-0.0085,7e-05
2018-04-27,0.0001,-0.0026,0.0004,7e-05
2018-04-30,-0.0081,0.0003,-0.0009,7e-05
2018-05-01,0.0025,0.0023,-0.0053,6e-05
2018-05-02,-0.0062,0.0129,-0.0035,6e-05
2018-05-03,-0.0025,-0.0052,-0.0015,6e-05
2018-05-04,0.013,0.0002,-0.002,6e-05
2018-05-07,0.0041,0.0042,-0.0033,6e-05
2018-05-08,0.0007,0.0049,0.0023,6e-05
2018-05-09,0.009,-0.0022,0.0025,6e-05
2018-05-10,0.0085,-0.0043,-0.0004,6e-05
2018-05-11,0.0019,0.0012,-0.0038,6e-05
2018-05-14,0.0005,-0.0036,0.0011,6e-05
2018-05-15,-0.0055,0.0068,0.004,6e-05
2018-05-16,0.005,0.007,-0.0025,6e-05
2018-05-17,0.0001,0.009,0.0029,6e-05
2018-05-18,-0.0023,0.0057,-0.0062,6e-05
2018-05-21,0.0072,-0.0019,0.0044,6e-05
2018-05-22,-0.0042,-0.0076,0.0061,6e-05
2018-05-23,0.0029,0.0005,-0.0069,6e-05
2018-05-24,-0.0016,0.0037,-0.0035,6e-05
2018-05-25,-0.0022,0.0025,-0.0039,6e-05
2018-05-29,-0.0103,0.0132,-0.0103,6e-05
2018-05-30,0.0131,0.0004,0.0037,6e-05
2018-05-31,-0.007,0.0007,-0.0043,6e-05
2018-06-01,0.0106,-0.0023,-0.001,6e-05
2018-06-04,0.0048,0.0017,-0.0045,6e-05
2018-06-05,0.0016,0.0082,-0.0044,6e-05
2018-06-06,0.0086,-0.0033,0.0021,6e-05
2018-06-07,-0.0014,-0.003,0.0093,6e-05
2018-06-08,0.0031,0.0008,-0.004,6e-05
2018-06-11,0.0012,0.0018,-0.0016,6e-05
2018-06-12,0.0023,0.0023,-0.0063,6e-05
2018-06-13,-0.0033,0.0008,-0.002,6e-05
2018-06-14,0.0028,0.0032,-0.0101,6e-05
2018-06-15,-0.0007,0.0004,-0.0025,6e-05
2018-06-18,-0.0009,0.0072,0.0008,6e-05
2018-06-19,-0.0038,0.0057,-0.0014,6e-05
2018-06-20,0.0023,0.0073,-0.0051,6e-05
2018-06-21,-0.0073,-0.0063,0.0033,6e-05
2018-06-22,0.0011,0.0,0.0046,6e-05
2018-06-25,-0.0148,-0.0054,0.0057,6e-05
2018-06-26,0.0027,0.0063,-0.0024,6e-05
2018-06-27,-0.0102,-0.0099,0.0036,6e-05
2018-06-28,0.0058,-0.0018,-0.0051,6e-05
2018-06-29,0.0006,-0.002,-0.0024,6e-05
2018-07-02,0.0036,0.0044,-0.0025,8e-05
2018-07-03,-0.0044,0.0081,-0.0002,8e-05
2018-07-05,0.0087,0.0044,-0.0043,8e-05
2018-07-06,0.0088,0.0005,-0.003,8e-05
2018-07-09,0.0094,-0.0041,0.0086,8e-05
2018-07-10,0.0021,-0.0078,-0.0016,8e-05
2018-07-11,-0.007,-0.0002,-0.0046,8e-05
2018-07-12,0.0085,-0.0034,-0.0116,8e-05
2018-07-13,0.0008,-0.0013,-0.0029,8e-05
2018-07-16,-0.0016,-0.0077,0.0097,8e-05
2018-07-17,0.0048,0.0026,-0.0074,8e-05
2018-07-18,0.0027,-0.0027,0.0068,8e-05
2018-07-19,-0.0034,0.0096,-0.0036,8e-05
2018-07-20,-0.001,-0.0018,0.0011,8e-05
2018-07-23,0.0016,-0.003,0.0054,8e-05
2018-07-24,0.0022,-0.0136,0.0039,8e-05
2018-07-25,0.0084,-0.0043,-0.0106,8e-05
2018-07-26,-0.0021,0.0064,0.0058,8e-05
2018-07-27,-0.0082,-0.0138,0.0106,8e-05
2018-07-30,-0.0071,-0.0022,0.0159,8e-05
2018-07-31,0.0051,0.0084,-0.011,8e-05
2018-08-01,-0.0013,0.0006,-0.0022,7e-05
2018-08-02,0.0067,0.0033,-0.0065,7e-05
2018-08-03,0.0031,-0.0107,0.0051,7e-05
2018-08-06,0.0046,0.0026,-0.0033,7e-05
2018-08-07,0.0029,0.0003,-0.0015,7e-05
2018-08-08,-0.0004,-0.0013,0.0026,7e-05
2018-08-09,-0.0005,0.0037,-0.0035,7e-05
2018-08-10,-0.006,0.004,-0.0021,7e-05
2018-08-13,-0.0046,-0.0015,-0.0029,7e-05
2018-08-14,0.0069,0.003,0.0022,7e-05
2018-08-15,-0.0091,-0.0053,-0.0014,7e-05
2018-08-16,0.0086,-0.0007,0.0026,7e-05
2018-08-17,0.003,0.0009,0.0001,7e-05
2018-08-20,0.0025,0.0012,0.0014,7e-05
2018-08-21,0.0033,0.009,0.0014,7e-05
2018-08-22,0.0005,0.0037,-0.0035,7e-05
2018-08-23,-0.0019,-0.0005,-0.0033,7e-05
2018-08-24,0.0063,-0.0002,-0.0058,7e-05
2018-08-27,0.0074,-0.0068,-0.0016,7e-05
2018-08-28,-0.0001,-0.0011,-0.0023,7e-05
2018-08-29,0.0056,-0.0005,-0.0057,7e-05
2018-08-30,-0.0041,0.0029,-0.0042,7e-05
2018-08-31,0.0008,0.005,-0.0038,7e-05
2018-09-04,-0.0011,-0.0037,0.0001,8e-05
2018-09-05,-0.0041,-0.0018,0.0067,8e-05
2018-09-06,-0.0044,-0.0034,-0.0025,8e-05
2018-09-07,-0.0018,0.0011,-0.0022,8e-05
2018-09-10,0.0023,0.0012,-0.0036,8e-05
2018-09-11,0.0037,-0.003,-0.0024,8e-05
2018-09-12,0.0003,-0.0006,-0.0023,8e-05
2018-09-13,0.0045,-0.0044,-0.0039,8e-05
2018-09-14,0.0012,0.0027,0.0026,8e-05
2018-09-17,-0.0072,-0.0046,0.0086,8e-05
2018-09-18,0.0057,0.0005,-0.0048,8e-05
2018-09-19,0.0005,-0.0067,0.0128,8e-05
2018-09-20,0.0077,0.0031,-0.0024,8e-05
2018-09-21,-0.0013,-0.0042,0.0031,8e-05
2018-09-24,-0.0031,0.0005,-0.0089,8e-05
2018-09-25,-0.0005,0.0028,-0.0038,8e-05
2018-09-26,-0.004,-0.0038,-0.0062,8e-05
2018-09-27,0.0027,-0.0027,-0.0054,8e-05
2018-09-28,-0.0003,0.004,-0.0019,8e-05
2018-10-01,0.0016,-0.0163,0.0036,8e-05
2018-10-02,-0.0021,-0.0098,0.0057,8e-05
2018-10-03,0.002,0.0085,0.005,8e-05
2018-10-04,-0.0093,-0.0106,0.0158,8e-05
2018-10-05,-0.0064,-0.0042,0.0038,8e-05
2018-10-08,-0.0018,-0.0041,0.0124,8e-05
2018-10-09,-0.0018,-0.0029,0.0028,8e-05
2018-10-10,-0.0333,0.0029,0.0109,8e-05
2018-10-11,-0.0196,0.0046,-0.0092,8e-05
2018-10-12,0.0139,-0.0087,-0.0175,8e-05
2018-10-15,-0.0048,0.0091,0.0052,8e-05
2018-10-16,0.0225,0.0069,-0.0145,8e-05
2018-10-17,-0.0009,-0.0067,0.0023,8e-05
2018-10-18,-0.0154,-0.0054,0.0042,8e-05
2018-10-19,-0.0024,-0.0133,0.007,8e-05
2018-10-22,-0.0038,0.0048,-0.0126,8e-05
2018-10-23,-0.0062,-0.0009,-0.0042,8e-05
2018-10-24,-0.0333,-0.0093,0.0076,8e-05
2018-10-25,0.0193,0.0042,-0.006,8e-05
2018-10-26,-0.0165,0.0057,0.0035,8e-05
2018-10-29,-0.0076,-0.0032,0.0162,8e-05
2018-10-30,0.0166,0.0042,0.0009,8e-05
2018-10-31,0.0121,-0.0065,-0.0074,8e-05
2018-11-01,0.0129,0.0134,-0.0112,8e-05
2018-11-02,-0.0053,0.008,0.0067,8e-05
2018-11-05,0.004,-0.0102,0.0157,8e-05
2018-11-06,0.0057,-0.0016,0.0002,8e-05
2018-11-07,0.0212,-0.0033,-0.0105,8e-05
2018-11-08,-0.0028,-0.0025,0.0025,8e-05
2018-11-09,-0.0104,-0.0086,0.0041,8e-05
2018-11-12,-0.0206,0.0002,0.0084,8e-05
2018-11-13,-0.0013,-0.0011,0.0016,8e-05
2018-11-14,-0.0078,0.0002,-0.0027,8e-05
2018-11-15,0.0118,0.0035,-0.0039,8e-05
2018-11-16,0.0015,0.0002,-0.0006,8e-05
2018-11-19,-0.0188,-0.0074,0.0232,8e-05
2018-11-20,-0.0185,0.0015,-0.0054,8e-05
2018-11-21,0.0051,0.0099,-0.0033,8e-05
2018-11-23,-0.0055,0.0084,-0.0061,8e-05
2018-11-26,0.0162,-0.0066,-0.002,8e-05
2018-11-27,0.0011,-0.0108,0.0025,8e-05
2018-11-28,0.0242,0.0044,-0.0116,8e-05
2018-11-29,-0.0022,-0.0011,-0.0009,8e-05
2018-11-30,0.0079,-0.0032,-0.0044,8e-05
2018-12-03,0.0113,-0.0005,-0.0079,0.0001
2018-12-04,-0.0346,-0.0096,-0.0022,0.0001
2018-12-06,-0.0016,0.0013,-0.0106,0.0001
2018-12-07,-0.0236,0.002,0.0133,0.0001
2018-12-10,0.001,-0.0011,-0.0164,0.0001
2018-12-11,-0.0008,-0.0005,-0.0042,0.0001
2018-12-12,0.0068,0.0057,-0.0017,0.0001
2018-12-13,-0.0026,-0.0151,-0.002,0.0001
2018-12-14,-0.0189,-0.0006,0.0049,0.0001
2018-12-17,-0.0213,-0.0026,0.0108,0.0001
2018-12-18,-0.0003,0.0002,-0.006,0.0001
2018-12-19,-0.0158,-0.006,0.0002,0.0001
2018-12-20,-0.0162,-0.0029,0.0097,0.0001
2018-12-21,-0.0217,-0.0056,0.0077,0.0001
2018-12-24,-0.0255,0.0101,-0.0051,0.0001
2018-12-26,0.0507,-0.0006,-0.01,0.0001
2018-12-27,0.0078,-0.0067,-0.0013,0.0001
2018-12-28,-0.0003,0.0077,0.0025,0.0001
2018-12-31,0.009,-0.0009,-0.0045,0.0001
2019-01-02,0.0022,0.0058,0.0114,0.0001
2019-01-03,-0.0245,0.0036,0.0119,0.0001
2019-01-04,0.0355,0.004,-0.0069,0.0001
2019-01-07,0.0094,0.0101,-0.0075,0.0001
2019-01-08,0.0101,0.0052,-0.0063,0.0001
2019-01-09,0.0052,0.0046,0.0011,0.0001
2019-01-10,0.004,0.0003,-0.0045,0.0001
2019-01-11,0.0,0.0012,0.0022,0.0001
2019-01-14,-0.006,-0.006,0.0095,0.0001
2019-01-15,0.0105,0.0,-0.009,0.0001
2019-01-16,0.0028,0.0004,0.0092,0.0001
2019-01-17,0.0078,0.0011,-0.0024,0.0001
2019-01-18,0.013,-0.0037,0.0012,0.0001
2019-01-22,-0.0152,-0.0039,0.003,0.0001
2019-01-23,0.0016,-0.0038,-0.0015,0.0001
2019-01-24,0.0023,0.0044,0.0,0.0001
2019-01-25,0.009,0.0046,-0.0034,0.0001
2019-01-28,-0.008,-0.0016,0.0063,0.0001
2019-01-29,-0.002,-0.0001,0.0019,0.0001
2019-01-30,0.0151,-0.0015,-0.0095,0.0001
2019-01-31,0.0091,0.0011,-0.0111,0.0001
2019-02-01,0.0013,-0.0012,0.0043,0.0001
2019-02-04,0.0073,0.0048,-0.0047,0.0001
2019-02-05,0.0043,-0.0007,-0.0061,0.0001
2019-02-06,-0.0021,-0.0001,0.0006,0.0001
2019-02-07,-0.0093,-0.0013,0.0038,0.0001
2019-02-08,0.001,0.0005,-0.0068,0.0001
2019-02-11,0.0014,0.0066,0.0024,0.0001
2019-02-12,0.0136,0.0002,-0.0016,0.0001
2019-02-13,0.0028,0.0006,0.0007,0.0001
2019-02-14,-0.002,0.0053,-0.0059,0.0001
2019-02-15,0.0113,0.0025,0.0049,0.0001
2019-02-19,0.0019,0.0029,0.0031,0.0001
2019-02-20,0.0019,0.0021,0.0056,0.0001
2019-02-21,-0.0037,-0.0006,-0.0023,0.0001
2019-02-22,0.0065,0.0055,-0.0147,0.0001
2019-02-25,0.0015,-0.0026,-0.0018,0.0001
2019-02-26,-0.0016,-0.0063,-0.0033,0.0001
2019-02-27,0.001,0.002,-0.0012,0.0001
2019-02-28,-0.0031,0.0002,-0.0027,0.0001
2019-03-01,0.0072,0.0029,-0.0041,9e-05
2019-03-04,-0.0052,-0.0041,0.0038,9e-05
2019-03-05,-0.0018,-0.0031,-0.0022,9e-05
2019-03-06,-0.0084,-0.0126,0.0005,9e-05
2019-03-07,-0.0082,-0.0006,-0.0034,9e-05
2019-03-08,-0.0022,0.0006,-0.0017,9e-05
2019-03-11,0.0149,0.0036,-0.0053,9e-05
2019-03-12,0.0025,-0.0028,-0.0007,9e-05
2019-03-13,0.0068,-0.0032,0.0008,9e-05
2019-03-14,-0.001,-0.004,0.003,9e-05
2019-03-15,0.0048,-0.0025,-0.0025,9e-05
2019-03-18,0.0046,0.0015,0.0044,9e-05
2019-03-19,-0.0009,-0.0038,-0.0092,9e-05
2019-03-20,-0.0037,0.0001,-0.0106,9e-05
2019-03-21,0.011,0.003,-0.0123,9e-05
2019-03-22,-0.0217,-0.0151,-0.0008,9e-05
2019-03-25,-0.0005,0.0066,-0.0026,9e-05
2019-03-26,0.0076,0.0017,0.0046,9e-05
2019-03-27,-0.005,0.001,0.0051,9e-05
2019-03-28,0.004,0.0034,0.0002,9e-05
2019-03-29,0.0066,-0.0023,-0.0092,9e-05
2019-04-01,0.0119,-0.0031,0.01,0.0001
2019-04-02,-0.0005,-0.0013,-0.0044,0.0001
2019-04-03,0.0027,0.0022,-0.0039,0.0001
2019-04-04,0.0019,0.002,0.0094,0.0001
2019-04-05,0.0053,0.0053,-0.0007,0.0001
2019-04-08,0.0009,-0.0029,0.001,0.0001
2019-04-09,-0.0065,-0.0056,-0.0015,0.0001
2019-04-10,0.0048,0.0097,-0.0011,0.0001
2019-04-11,0.0,-0.0031,0.004,0.0001
2019-04-12,0.0064,-0.0051,0.0066,0.0001
2019-04-15,-0.0009,-0.0021,-0.0055,0.0001
2019-04-16,0.0013,0.0012,0.0071,0.0001
2019-04-17,-0.0032,-0.007,0.0084,0.0001
2019-04-18,0.0011,-0.0025,-0.005,0.0001
2019-04-22,0.0011,-0.0046,-0.0057,0.0001
2019-04-23,0.0097,0.0072,-0.005,0.0001
2019-04-24,-0.0022,0.0028,-0.0008,0.0001
2019-04-25,-0.0014,-0.0075,-0.0021,0.0001
2019-04-26,0.0053,0.0043,0.0006,0.0001
2019-04-29,0.0018,0.0009,0.0065,0.0001
2019-04-30,-0.0004,-0.007,0.0027,0.0001
2019-05-01,-0.0083,-0.001,-0.0002,9e-05
2019-05-02,-0.0016,0.0045,-0.0028,9e-05
2019-05-03,0.0113,0.0093,-0.0027,9e-05
2019-05-06,-0.0039,0.006,-0.0042,9e-05
2019-05-07,-0.0169,-0.0028,0.0049,9e-05
2019-05-08,-0.0021,-0.0016,-0.0031,9e-05
2019-05-09,-0.0028,0.0008,0.001,9e-05
2019-05-10,0.0035,-0.0037,0.0007,9e-05
2019-05-13,-0.0265,-0.0073,0.0028,9e-05
2019-05-14,0.0091,0.0041,-0.0002,9e-05
2019-05-15,0.0058,0.0005,-0.0096,9e-05
2019-05-16,0.0091,-0.0039,-0.0033,9e-05
2019-05-17,-0.0072,-0.008,0.0028,9e-05
2019-05-20,-0.0065,-0.0023,0.0073,9e-05
2019-05-21,0.009,0.0043,-0.0034,9e-05
2019-05-22,-0.004,-0.0051,-0.0062,9e-05
2019-05-23,-0.0137,-0.0069,-0.0027,9e-05
2019-05-24,0.0023,0.0051,0.003,9e-05
2019-05-28,-0.0078,0.0029,-0.0063,9e-05
2019-05-29,-0.0071,-0.0029,0.0041,9e-05
2019-05-30,0.0014,-0.0027,-0.0077,9e-05
2019-05-31,-0.0137,-0.0022,-0.0011,9e-05
2019-06-03,-0.004,0.0033,0.0168,9e-05
2019-06-04,0.0232,0.0042,-0.0003,9e-05
2019-06-05,0.007,-0.0098,-0.0097,9e-05
2019-06-06,0.0055,-0.0104,0.0002,9e-05
2019-06-07,0.0104,0.0004,-0.0119,9e-05
2019-06-10,0.0054,-0.0004,0.0007,9e-05
2019-06-11,-0.0012,-0.0026,0.0057,9e-05
2019-06-12,-0.002,0.0042,-0.01,9e-05
2019-06-13,0.0052,0.0066,-0.0004,9e-05
2019-06-14,-0.0027,-0.0078,0.0031,9e-05
2019-06-17,0.0015,0.0064,-0.0113,9e-05
2019-06-18,0.0104,0.0016,0.0035,9e-05
2019-06-19,0.0032,0.0011,-0.006,9e-05
2019-06-20,0.0089,-0.0037,-0.0022,9e-05
2019-06-21,-0.0021,-0.0047,-0.0003,9e-05
2019-06-24,-0.0035,-0.009,0.0008,9e-05
2019-06-25,-0.0098,0.0034,0.0072,9e-05
2019-06-26,-0.0007,-0.0005,0.0027,9e-05
2019-06-27,0.0059,0.0142,-0.001,9e-05
2019-06-28,0.0068,0.0063,0.0062,9e-05
2019-07-01,0.0075,-0.0053,-0.0013,9e-05
2019-07-02,0.0014,-0.0081,-0.0081,9e-05
2019-07-03,0.0079,-0.0004,-0.0032,9e-05
2019-07-05,-0.001,0.0016,0.0091,9e-05
2019-07-08,-0.0058,-0.0045,0.0006,9e-05
2019-07-09,0.0019,-0.0015,-0.0043,9e-05
2019-07-10,0.004,-0.0015,-0.0036,9e-05
2019-07-11,0.0019,-0.0079,0.0004,9e-05
2019-07-12,0.0053,0.0018,0.0041,9e-05
2019-07-15,-0.0005,-0.0035,-0.0106,9e-05
2019-07-16,-0.0032,0.0035,0.0011,9e-05
2019-07-17,-0.0064,-0.0014,-0.0065,9e-05
2019-07-18,0.0035,-0.0029,0.0001,9e-05
2019-07-19,-0.0057,0.0016,0.0086,9e-05
2019-07-22,0.0025,-0.0045,-0.0048,9e-05
2019-07-23,0.0064,-0.0023,0.008,9e-05
2019-07-24,0.0066,0.0075,0.0086,9e-05
2019-07-25,-0.0063,-0.0066,-0.0011,9e-05
2019-07-26,0.0082,0.0039,-0.0019,9e-05
2019-07-29,-0.0032,-0.0034,-0.0046,9e-05
2019-07-30,-0.0017,0.0137,0.0088,9e-05
2019-07-31,-0.011,0.0012,0.0062,9e-05
2019-08-01,-0.0104,-0.0042,-0.019,7e-05
2019-08-02,-0.0087,-0.0032,0.0007,7e-05
2019-08-05,-0.0307,-0.0001,0.0001,7e-05
2019-08-06,0.013,-0.0041,-0.0059,7e-05
2019-08-07,0.0007,0.0008,-0.009,7e-05
2019-08-08,0.0197,0.0003,-0.0025,7e-05
2019-08-09,-0.0078,-0.0043,-0.0022,7e-05
2019-08-12,-0.0131,0.0029,-0.0026,7e-05
2019-08-13,0.0147,-0.0017,-0.0053,7e-05
2019-08-14,-0.0295,0.0022,-0.0051,7e-05
2019-08-15,0.0017,-0.0061,-0.0052,7e-05
2019-08-16,0.0155,0.0053,0.0061,7e-05
2019-08-19,0.0114,0.0002,0.0021,7e-05
2019-08-20,-0.0075,0.003,-0.0049,7e-05
2019-08-21,0.0085,0.0005,-0.003,7e-05
2019-08-22,-0.001,-0.0053,0.0049,7e-05
2019-08-23,-0.0266,-0.0056,-0.0018,7e-05
2019-08-26,0.0108,-0.0002,-0.0018,7e-05
2019-08-27,-0.0046,-0.0088,-0.0066,7e-05
2019-08-28,0.0068,0.0047,0.0061,7e-05
2019-08-29,0.0135,0.0032,0.0033,7e-05
2019-08-30,0.0003,-0.0038,0.0023,7e-05
2019-09-03,-0.0086,-0.0096,0.0012,9e-05
2019-09-04,0.0108,-0.0022,0.0043,9e-05
2019-09-05,0.0142,0.0041,0.007,9e-05
2019-09-06,-0.0002,-0.0039,0.0005,9e-05
2019-09-09,0.0007,0.0076,0.0305,9e-05
2019-09-10,0.0016,0.0107,0.0111,9e-05
2019-09-11,0.0087,0.0133,-0.0005,9e-05
2019-09-12,0.0022,-0.0031,-0.0012,9e-05
2019-09-13,-0.0002,0.0002,0.0074,9e-05
2019-09-16,-0.0023,0.0091,0.0053,9e-05
2019-09-17,0.0017,-0.006,-0.0119,9e-05
2019-09-18,-0.0005,-0.0075,0.0006,9e-05
2019-09-19,-0.0005,-0.0043,-0.0046,9e-05
2019-09-20,-0.0048,0.0029,0.0015,9e-05
2019-09-23,-0.0002,-0.0017,0.005,9e-05
2019-09-24,-0.01,-0.0073,0.0001,9e-05
2019-09-25,0.0069,0.0036,0.0052,9e-05
2019-09-26,-0.0041,-0.0096,0.0013,9e-05
2019-09-27,-0.0062,-0.0033,0.0088,9e-05
2019-09-30,0.005,-0.0017,-0.0048,9e-05
2019-10-01,-0.0131,-0.0047,-0.0059,7e-05
2019-10-02,-0.0173,0.0089,-0.0036,7e-05
2019-10-03,0.008,-0.0023,-0.009,7e-05
2019-10-04,0.0139,-0.0048,-0.0007,7e-05
2019-10-07,-0.0041,0.0016,-0.0003,7e-05
2019-10-08,-0.0161,-0.0013,-0.0013,7e-05
2019-10-09,0.0092,-0.0055,-0.0009,7e-05
2019-10-10,0.006,-0.004,0.0025,7e-05
2019-10-11,0.0123,0.0048,0.0018,7e-05
2019-10-14,-0.0018,-0.0034,-0.0003,7e-05
2019-10-15,0.0103,0.0025,-0.0026,7e-05
2019-10-16,-0.0024,0.004,0.0022,7e-05
2019-10-17,0.0037,0.008,-0.0029,7e-05
2019-10-18,-0.0049,-0.0035,0.0087,7e-05
2019-10-21,0.0071,0.0016,0.0034,7e-05
2019-10-22,-0.0034,0.0023,0.0084,7e-05
2019-10-23,0.0025,-0.0009,0.0027,7e-05
2019-10-24,0.0025,-0.0026,-0.0089,7e-05
2019-10-25,0.005,0.0028,0.0007,7e-05
2019-10-28,0.0062,0.0027,-0.0025,7e-05
2019-10-29,-0.0013,0.003,0.005,7e-05
2019-10-30,0.0028,-0.0037,-0.0115,7e-05
2019-10-31,-0.0038,-0.0026,-0.0043,7e-05
2019-11-01,0.0107,0.0049,0.0082,6e-05
2019-11-04,0.0039,0.0003,0.0135,6e-05
2019-11-05,-0.0003,0.0024,0.0046,6e-05
2019-11-06,-0.0005,-0.0073,0.0024,6e-05
2019-11-07,0.0038,-0.0014,0.005,6e-05
2019-11-08,0.0031,0.0007,-0.0037,6e-05
2019-11-11,-0.0019,0.0,-0.0019,6e-05
2019-11-12,0.0016,-0.0011,-0.0014,6e-05
2019-11-13,0.0001,-0.0023,-0.0082,6e-05
2019-11-14,0.0007,-0.0012,-0.0025,6e-05
2019-11-15,0.0074,-0.0025,-0.0033,6e-05
2019-11-18,0.0003,-0.0035,-0.0051,6e-05
2019-11-19,0.0002,0.0057,-0.0094,6e-05
2019-11-20,-0.0033,0.0001,-0.0044,6e-05
2019-11-21,-0.0015,-0.0034,0.001,6e-05
2019-11-22,0.0024,0.0006,0.0022,6e-05
2019-11-25,0.0092,0.0131,-0.0038,6e-05
2019-11-26,0.0019,0.0005,-0.0089,6e-05
2019-11-27,0.0044,0.0023,-0.0002,6e-05
2019-11-29,-0.0042,-0.0004,-0.0031,6e-05
2019-12-02,-0.0087,-0.0025,0.0048,7e-05
2019-12-03,-0.0066,0.006,-0.0083,7e-05
2019-12-04,0.006,0.0014,0.0025,7e-05
2019-12-05,0.0013,-0.0021,0.0046,7e-05
2019-12-06,0.0091,0.0025,0.0036,7e-05
2019-12-09,-0.0033,0.0034,0.0012,7e-05
2019-12-10,-0.0008,0.003,-0.0009,7e-05
2019-12-11,0.0028,-0.0007,0.0013,7e-05
2019-12-12,0.009,-0.0013,0.0113,7e-05
2019-12-13,-0.0003,-0.0027,-0.0054,7e-05
2019-12-16,0.0074,0.0003,-0.0005,7e-05
2019-12-17,0.001,0.0042,0.0066,7e-05
2019-12-18,-0.0005,0.002,0.0009,7e-05
2019-12-19,0.0043,-0.0002,-0.0042,7e-05
2019-12-20,0.0048,-0.003,-0.0031,7e-05
2019-12-23,0.001,0.0021,-0.0034,7e-05
2019-12-24,0.0001,0.0039,-0.0001,7e-05
2019-12-26,0.0049,-0.0054,0.0,7e-05
2019-12-27,-0.001,-0.0053,-0.0007,7e-05
2019-12-30,-0.0057,0.0019,0.0056,7e-05
2019-12-31,0.0028,-0.0001,0.0011,7e-05
2020-01-02,0.0086,-0.0088,-0.0034,6e-05
2020-01-03,-0.0067,0.0038,0.0001,6e-05
2020-01-06,0.0036,-0.0007,-0.0055,6e-05
2020-01-07,-0.0019,-0.0001,-0.0026,6e-05
2020-01-08,0.0047,-0.0007,-0.0064,6e-05
2020-01-09,0.0065,-0.0063,-0.0048,6e-05
2020-01-10,-0.0034,-0.0019,-0.0034,6e-05
2020-01-13,0.0073,-0.0011,-0.0009,6e-05
2020-01-14,-0.0006,0.004,-0.0018,6e-05
2020-01-15,0.0016,0.0046,-0.0082,6e-05
2020-01-16,0.0088,0.0051,-0.0011,6e-05
2020-01-17,0.0028,-0.0064,-0.0012,6e-05
2020-01-21,-0.0032,-0.0052,-0.0062,6e-05
2020-01-22,0.0008,-0.0027,0.0,6e-05
2020-01-23,0.0008,-0.0005,-0.0014,6e-05
2020-01-24,-0.0097,-0.0044,-0.0028,6e-05
2020-01-27,-0.0156,0.0037,-0.0041,6e-05
2020-01-28,0.0103,-0.0013,-0.0043,6e-05
2020-01-29,-0.0011,-0.0025,-0.0097,6e-05
2020-01-30,0.0034,-0.0069,0.0068,6e-05
2020-01-31,-0.0174,-0.0044,-0.0035,6e-05
2020-02-03,0.0084,0.0062,-0.0067,6e-05
2020-02-04,0.0157,-0.0003,-0.007,6e-05
2020-02-05,0.0097,0.0033,0.0148,6e-05
2020-02-06,0.0027,-0.0046,-0.0084,6e-05
2020-02-07,-0.0055,-0.0079,-0.0002,6e-05
2020-02-10,0.0073,-0.0001,-0.009,6e-05
2020-02-11,0.0028,0.0005,0.0104,6e-05
2020-02-12,0.0066,0.0016,-0.0036,6e-05
2020-02-13,-0.0009,0.002,0.0001,6e-05
2020-02-14,0.0014,-0.0038,-0.0066,6e-05
2020-02-18,-0.0019,0.0016,-0.0064,6e-05
2020-02-19,0.006,0.0018,0.0003,6e-05
2020-02-20,-0.0035,0.0049,0.0067,6e-05
2020-02-21,-0.0112,-0.0012,0.0002,6e-05
2020-02-24,-0.0339,0.0016,0.0001,6e-05
2020-02-25,-0.0309,-0.0011,-0.0068,6e-05
2020-02-26,-0.0052,-0.0038,-0.012,6e-05
2020-02-27,-0.0423,0.0078,0.0006,6e-05
2020-02-28,-0.0079,0.003,-0.008,6e-05
2020-03-02,0.0431,-0.0169,-0.0042,6e-05
2020-03-03,-0.028,0.008,-0.0063,6e-05
2020-03-04,0.0403,-0.0109,-0.0117,6e-05
2020-03-05,-0.0338,0.0024,-0.014,6e-05
2020-03-06,-0.0178,0.0005,-0.0148,6e-05
2020-03-09,-0.0779,-0.0042,-0.0475,6e-05
2020-03-10,0.0475,-0.0248,0.0078,6e-05
2020-03-11,-0.0506,-0.0083,-0.0081,6e-05
2020-03-12,-0.0963,-0.0045,-0.0114,6e-05
2020-03-13,0.0898,-0.0269,0.0294,6e-05
2020-03-16,-0.1201,-0.0021,-0.0075,6e-05
2020-03-17,0.0588,0.0085,-0.0067,6e-05
2020-03-18,-0.0556,-0.0354,-0.0474,6e-05
2020-03-19,0.0131,0.0545,0.0095,6e-05
2020-03-20,-0.0415,0.0035,-0.009,6e-05
2020-03-23,-0.0256,0.0222,-0.0326,6e-05
2020-03-24,0.0934,-0.0128,0.0238,6e-05
2020-03-25,0.0117,-0.0074,0.0187,6e-05
2020-03-26,0.0603,-0.0071,0.0109,6e-05
2020-03-27,-0.0348,-0.0086,-0.0076,6e-05
2020-03-30,0.0317,-0.003,-0.0211,6e-05
2020-03-31,-0.0144,0.0182,-0.0038,6e-05
2020-04-01,-0.045,-0.0156,-0.0131,0.0
2020-04-02,0.021,-0.0097,-0.0028,0.0
2020-04-03,-0.0164,-0.0109,-0.0115,0.0
2020-04-06,0.071,0.0077,0.0028,0.0
2020-04-07,-0.0011,-0.0059,0.021,0.0
2020-04-08,0.0342,0.0031,0.0127,0.0
2020-04-09,0.0159,0.0191,0.0319,0.0
2020-04-13,-0.0092,-0.0085,-0.024,0.0
2020-04-14,0.0303,-0.0018,-0.0315,0.0
2020-04-15,-0.0215,-0.0123,-0.0255,0.0
2020-04-16,0.0062,-0.0021,-0.0298,0.0
2020-04-17,0.0274,0.0075,0.0277,0.0
2020-04-20,-0.0157,0.0078,-0.0091,0.0
2020-04-21,-0.0309,0.0094,0.0016,0.0
2020-04-22,0.0231,-0.0069,-0.0166,0.0
2020-04-23,0.0012,0.0111,0.0055,0.0
2020-04-24,0.0144,0.0028,-0.0013,0.0
2020-04-27,0.0173,0.0159,0.0268,0.0
2020-04-28,-0.0045,0.0098,0.0286,0.0
2020-04-29,0.0292,0.0189,0.0198,0.0
2020-04-30,-0.0118,-0.0141,-0.0171,0.0
2020-05-01,-0.0291,-0.0055,-0.0096,0.0
2020-05-04,0.0054,0.0021,-0.0129,0.0
2020-05-05,0.0095,0.0003,-0.0201,0.0
2020-05-06,-0.0053,0.0054,-0.0272,0.0
2020-05-07,0.0133,-0.0006,0.0041,0.0
2020-05-08,0.019,0.0139,0.0246,0.0
2020-05-11,0.0006,0.0047,-0.0379,0.0
2020-05-12,-0.0207,-0.0084,-0.0136,0.0
2020-05-13,-0.0189,-0.009,-0.0208,0.0
2020-05-14,0.0115,-0.0152,0.0092,0.0
2020-05-15,0.0057,0.0161,-0.0115,0.0
2020-05-18,0.0324,0.0158,0.0461,0.0
2020-05-19,-0.0101,-0.0055,-0.0151,0.0
2020-05-20,0.018,0.0109,0.0132,0.0
2020-05-21,-0.0071,0.0062,0.0042,0.0
2020-05-22,0.0027,0.0046,-0.0085,0.0
2020-05-26,0.0123,0.001,0.0454,0.0
2020-05-27,0.0154,0.0066,0.0359,0.0
2020-05-28,-0.0041,-0.0154,-0.0241,0.0
2020-05-29,0.006,-0.003,-0.0198,0.0
2020-06-01,0.0051,-0.0004,0.0043,0.0
2020-06-02,0.0081,-0.0009,0.0055,0.0
2020-06-03,0.0141,0.0016,0.0262,0.0
2020-06-04,-0.0034,-0.0022,0.029,0.0
2020-06-05,0.025,0.0067,0.0275,0.0
2020-06-08,0.0135,0.0037,0.0207,0.0
2020-06-09,-0.0086,-0.0025,-0.0192,0.0
2020-06-10,-0.0055,-0.0087,-0.041,0.0
2020-06-11,-0.0591,-0.0083,-0.0303,0.0
2020-06-12,0.0129,0.0032,0.0182,0.0
2020-06-15,0.0108,0.0146,-0.0038,0.0
2020-06-16,0.0188,0.0061,0.0049,0.0
2020-06-17,-0.0041,-0.0091,-0.0197,0.0
2020-06-18,0.0018,0.0009,-0.0054,0.0
2020-06-19,-0.0045,0.0008,-0.0067,0.0
2020-06-22,0.0071,0.0084,-0.0136,0.0
2020-06-23,0.0041,0.0017,-0.006,0.0
2020-06-24,-0.0262,-0.0045,-0.0136,0.0
2020-06-25,0.0113,0.0025,0.0051,0.0
2020-06-26,-0.0243,0.0012,-0.0139,0.0
2020-06-29,0.0151,0.0125,0.0186,0.0
2020-06-30,0.0158,0.0008,-0.0001,0.0
2020-07-01,0.0041,-0.0127,-0.0257,0.0
2020-07-02,0.0051,-0.0002,-0.0014,0.0
2020-07-06,0.0166,-0.0063,0.0035,0.0
2020-07-07,-0.0101,-0.005,-0.0151,0.0
2020-07-08,0.0089,0.003,-0.0046,0.0
2020-07-09,-0.0054,-0.0093,-0.0261,0.0
2020-07-10,0.0111,-0.0007,0.0306,0.0
2020-07-13,-0.0119,-0.0076,0.0204,0.0
2020-07-14,0.0136,0.0042,-0.0029,0.0
2020-07-15,0.0114,0.0243,0.0126,0.0
2020-07-16,-0.0038,-0.0035,0.0081,0.0
2020-07-17,0.003,0.0017,-0.0143,0.0
2020-07-20,0.0104,-0.0044,-0.0238,0.0
2020-07-21,0.0015,0.0085,0.0328,0.0
2020-07-22,0.005,-0.0062,-0.0037,0.0
2020-07-23,-0.012,0.0074,0.0198,0.0
2020-07-24,-0.0074,-0.0081,0.0045,0.0
2020-07-27,0.0088,0.0075,-0.0202,0.0
2020-07-28,-0.0081,-0.0071,0.0101,0.0
2020-07-29,0.0136,0.005,0.009,0.0
2020-07-30,-0.0029,0.0048,-0.0184,0.0
2020-07-31,0.0062,-0.016,-0.0066,0.0
2020-08-03,0.0097,0.0122,-0.0083,0.0
2020-08-04,0.0037,0.0045,0.0006,0.0
2020-08-05,0.0078,0.0104,0.0082,0.0
2020-08-06,0.0053,-0.0042,-0.0085,0.0
2020-08-07,0.0002,0.0092,0.024,0.0
2020-08-10,0.0023,0.0086,0.0173,0.0
2020-08-11,-0.0083,-0.0031,0.0161,0.0
2020-08-12,0.014,-0.0051,-0.0133,0.0
2020-08-13,-0.0002,0.0018,-0.0132,0.0
2020-08-14,-0.0004,-0.0008,0.0109,0.0
2020-08-17,0.0045,0.0059,-0.0194,0.0
2020-08-18,0.0023,-0.0107,-0.0142,0.0
2020-08-19,-0.0038,0.0048,0.0009,0.0
2020-08-20,0.0031,-0.0051,-0.0155,0.0
2020-08-21,0.0026,-0.0108,-0.0044,0.0
2020-08-24,0.0092,-0.0036,0.0259,0.0
2020-08-25,0.0035,0.0016,-0.0064,0.0
2020-08-26,0.01,-0.0117,-0.0175,0.0
2020-08-27,0.0018,-0.0034,0.0095,0.0
2020-08-28,0.007,0.0026,-0.0022,0.0
2020-08-31,-0.0004,-0.0042,-0.0175,0.0
2020-09-01,0.0092,0.0044,-0.0032,0.0
2020-09-02,0.0127,-0.005,-0.0045,0.0
2020-09-03,-0.037,-0.0022,0.026,0.0
2020-09-04,-0.0087,-0.0017,0.0207,0.0
2020-09-08,-0.0293,0.0065,-0.0029,0.0
2020-09-09,0.0207,-0.0018,-0.0199,0.0
2020-09-10,-0.0164,0.0031,-0.0006,0.0
2020-09-11,-0.0005,-0.0084,0.009,0.0
2020-09-14,0.0158,0.0119,-0.008,0.0
2020-09-15,0.0057,-0.0027,-0.0146,0.0
2020-09-16,-0.004,0.0076,0.0132,0.0
2020-09-17,-0.0085,0.0037,0.002,0.0
2020-09-18,-0.0089,0.0079,-0.0021,0.0
2020-09-21,-0.0107,-0.0203,-0.019,0.0
2020-09-22,0.0101,-0.0017,-0.016,0.0
2020-09-23,-0.0247,-0.007,0.0016,0.0
2020-09-24,0.0026,-0.0021,0.0038,0.0
2020-09-25,0.0171,0.0015,-0.0134,0.0
2020-09-28,0.0165,0.0072,0.0105,0.0
2020-09-29,-0.0042,0.0075,-0.0132,0.0
2020-09-30,0.0079,-0.0073,0.0016,0.0
2020-10-01,0.0079,0.0105,-0.0055,0.0
2020-10-02,-0.0097,0.0108,0.0243,0.0
2020-10-05,0.0194,0.0102,-0.0009,0.0
2020-10-06,-0.0128,0.0074,0.0025,0.0
2020-10-07,0.0184,0.0058,0.0016,0.0
2020-10-08,0.008,-0.0003,0.0107,0.0
2020-10-09,0.0093,0.0001,-0.0142,0.0
2020-10-12,0.0154,-0.0083,-0.0009,0.0
2020-10-13,-0.0042,0.0018,-0.0174,0.0
2020-10-14,-0.0065,0.0008,0.0003,0.0
2020-10-15,-0.0008,0.009,0.0114,0.0
2020-10-16,-0.0006,-0.0018,0.0005,0.0
2020-10-19,-0.0153,0.0034,0.0032,0.0
2020-10-20,0.0035,-0.0024,0.0126,0.0
2020-10-21,-0.0036,-0.0047,0.0041,0.0
2020-10-22,0.0066,0.0061,0.0103,0.0
2020-10-23,0.0039,0.0042,0.0004,0.0
2020-10-26,-0.0185,-0.0028,-0.0039,0.0
2020-10-27,-0.0023,-0.0007,-0.0233,0.0
2020-10-28,-0.0342,0.0002,0.0057,0.0
2020-10-29,0.0113,0.0016,0.0027,0.0
2020-10-30,-0.0145,-0.0079,0.0185,0.0
2020-11-02,0.0117,0.0052,0.01,0.0
2020-11-03,0.0193,0.0101,-0.0019,0.0
2020-11-04,0.0225,-0.0149,-0.0503,0.0
2020-11-05,0.0212,0.0099,0.0054,0.0
2020-11-06,0.0001,-0.0086,-0.0092,0.0
2020-11-09,0.0083,0.0079,0.0673,0.0
2020-11-10,-0.0016,0.0155,0.0215,0.0
2020-11-11,0.0088,-0.0055,-0.0178,0.0
2020-11-12,-0.0094,-0.0022,-0.0119,0.0
2020-11-13,0.0131,0.006,0.0115,0.0
2020-11-16,0.0122,0.0079,0.0198,0.0
2020-11-17,-0.002,0.0062,-0.0001,0.0
2020-11-18,-0.0094,-0.0004,0.0003,0.0
2020-11-19,0.0058,0.0047,-0.0078,0.0
2020-11-20,-0.0051,0.0067,-0.006,0.0
2020-11-23,0.0082,0.0088,0.0156,0.0
2020-11-24,0.0156,-0.0012,0.0278,0.0
2020-11-25,0.0002,0.0,-0.0132,0.0
2020-11-27,0.0042,0.0046,-0.0162,0.0
2020-11-30,-0.0052,-0.0098,-0.0207,0.0
2020-12-01,0.0099,-0.0025,0.0052,0.0
2020-12-02,0.0011,-0.0009,0.0107,0.0
2020-12-03,0.0017,0.0051,-0.001,0.0
2020-12-04,0.0101,0.0147,0.0083,0.0
2020-12-07,0.0002,0.0024,-0.0102,0.0
2020-12-08,0.0047,0.0101,-0.0069,0.0
2020-12-09,-0.0103,-0.0006,0.0128,0.0
2020-12-10,0.0024,0.0111,-0.0046,0.0
2020-12-11,-0.0018,-0.0036,-0.0073,0.0
2020-12-14,-0.0026,0.0057,-0.0151,0.0
2020-12-15,0.0129,0.0106,0.0038,0.0
2020-12-16,0.0016,-0.0042,-0.0039,0.0
2020-12-17,0.0078,0.0068,-0.007,0.0
2020-12-18,-0.0014,0.0006,-0.0117,0.0
2020-12-21,-0.0024,0.0014,-0.0006,0.0
2020-12-22,0.0005,0.0122,-0.0163,0.0
2020-12-23,0.0011,0.0039,0.0204,0.0
2020-12-24,0.0023,-0.004,-0.0019,0.0
2020-12-28,0.0049,-0.0073,0.0036,0.0
2020-12-29,-0.0039,-0.0152,0.0024,0.0
2020-12-30,0.0027,0.0101,0.0006,0.0
2020-12-31,0.004,-0.0086,0.0044,0.0
2021-01-04,-0.0141,0.002,0.0057,0.0
2021-01-05,0.0086,0.0122,0.005,0.0
2021-01-06,0.0079,0.0214,0.0394,0.0
2021-01-07,0.0176,0.0032,-0.0081,0.0
2021-01-08,0.0051,-0.0075,-0.0138,0.0
2021-01-11,-0.0052,0.0026,0.0126,0.0
2021-01-12,0.0037,0.0128,0.0124,0.0
2021-01-13,0.0007,-0.0094,-0.0045,0.0
2021-01-14,-0.0012,0.0203,0.0113,0.0
2021-01-15,-0.0086,-0.005,-0.0074,0.0
2021-01-19,0.0092,0.0088,-0.0079,0.0
2021-01-20,0.0127,-0.0039,-0.011,0.0
2021-01-21,-0.0004,-0.0054,-0.0096,0.0
2021-01-22,-0.0007,0.0186,-0.0011,0.0
2021-01-25,0.0029,-0.0003,-0.0043,0.0
2021-01-26,-0.0033,-0.0001,0.0004,0.0
2021-01-27,-0.0253,0.0132,0.0155,0.0
2021-01-28,0.0093,-0.0192,-0.0093,0.0
2021-01-29,-0.0184,0.0059,0.0059,0.0
2021-02-01,0.0172,0.0093,-0.0147,0.0
2021-02-02,0.0148,-0.0088,-0.0103,0.0
2021-02-03,0.0014,0.0041,0.0073,0.0
2021-02-04,0.0122,0.0039,0.0038,0.0
2021-02-05,0.0057,0.0107,-0.0049,0.0
2021-02-08,0.0096,0.021,0.0039,0.0
2021-02-09,0.0005,0.0064,-0.0006,0.0
2021-02-10,-0.0008,-0.0059,0.0079,0.0
2021-02-11,0.002,-0.0005,-0.007,0.0
2021-02-12,0.0049,-0.0012,0.0046,0.0
2021-02-16,-0.0014,-0.0064,0.0193,0.0
2021-02-17,-0.002,-0.0084,0.006,0.0
2021-02-18,-0.0063,-0.0153,-0.0021,0.0
2021-02-19,0.0016,0.0177,0.0073,0.0
2021-02-22,-0.0111,-0.0004,0.0313,0.0
2021-02-23,-0.0011,-0.0125,0.0089,0.0
2021-02-24,0.0115,0.0119,0.0144,0.0
2021-02-25,-0.0272,-0.0111,0.0088,0.0
2021-02-26,-0.0028,0.0068,-0.0161,0.0
2021-03-01,0.0262,0.0109,0.0023,0.0
2021-03-02,-0.0105,-0.0109,0.0125,0.0
2021-03-03,-0.0155,-0.0019,0.0356,0.0
2021-03-04,-0.0167,-0.0136,0.017,0.0
2021-03-05,0.0187,0.0022,0.0062,0.0
2021-03-08,-0.0067,0.006,0.0371,0.0
2021-03-09,0.0177,0.0128,-0.0324,0.0
2021-03-10,0.0067,0.0077,0.0182,0.0
2021-03-11,0.0141,0.0159,-0.02,0.0
2021-03-12,0.0011,0.0014,0.0129,0.0
2021-03-15,0.0069,-0.0012,-0.0127,0.0
2021-03-16,-0.0041,-0.0109,-0.0085,0.0
2021-03-17,0.0034,0.0047,0.0034,0.0
2021-03-18,-0.0186,-0.0174,0.0216,0.0
2021-03-19,0.0023,0.0126,-0.0099,0.0
2021-03-22,0.0056,-0.0119,-0.0223,0.0
2021-03-23,-0.0116,-0.0271,-0.0104,0.0
2021-03-24,-0.0097,-0.0197,0.0146,0.0
2021-03-25,0.0067,0.0168,0.014,0.0
2021-03-26,0.0156,0.0019,0.0068,0.0
2021-03-29,-0.0048,-0.0241,-0.0023,0.0
2021-03-30,-0.0003,0.0154,0.0101,0.0
2021-03-31,0.0063,0.0112,-0.0234,0.0
2021-04-01,0.0127,0.003,-0.0002,0.0
2021-04-05,0.0128,-0.0059,-0.0071,0.0
2021-04-06,0.0,-0.0031,0.0009,0.0
2021-04-07,-0.0011,-0.0159,0.003,0.0
2021-04-08,0.0062,0.0059,-0.0117,0.0
2021-04-09,0.0065,-0.0064,0.0015,0.0
2021-04-12,-0.0004,-0.006,0.0056,0.0
2021-04-13,0.0041,-0.003,-0.016,0.0
2021-04-14,-0.0035,0.0079,0.0141,0.0
2021-04-15,0.0106,-0.0044,-0.0119,0.0
2021-04-16,0.0027,-0.0036,0.0065,0.0
2021-04-19,-0.0072,-0.0078,0.0079,0.0
2021-04-20,-0.0093,-0.0118,-0.0157,0.0
2021-04-21,0.011,0.0138,0.0012,0.0
2021-04-22,-0.0078,0.0066,-0.0077,0.0
2021-04-23,0.0126,0.0075,0.0069,0.0
2021-04-26,0.0041,0.0088,-0.005,0.0
2021-04-27,-0.0003,-0.0016,0.0085,0.0
2021-04-28,-0.0007,0.0018,0.002,0.0
2021-04-29,0.004,-0.0113,0.0109,0.0
2021-04-30,-0.0083,-0.0043,-0.0033,0.0
2021-05-03,0.0018,0.0044,0.017,0.0
2021-05-04,-0.0089,-0.0075,0.02,0.0
2021-05-05,-0.0005,-0.0046,0.0134,0.0
2021-05-06,0.0049,-0.0079,0.0118,0.0
2021-05-07,0.0084,0.0042,-0.0008,0.0
2021-05-10,-0.0135,-0.0167,0.0168,0.0
2021-05-11,-0.0063,0.0095,-0.0087,0.0
2021-05-12,-0.0234,-0.0132,0.007,0.0
2021-05-13,0.0104,0.0026,0.0114,0.0
2021-05-14,0.0179,0.0098,-0.0016,0.0
2021-05-17,-0.0024,0.0059,0.0084,0.0
2021-05-18,-0.007,0.0026,-0.0093,0.0
2021-05-19,-0.0034,-0.0038,-0.0046,0.0
2021-05-20,0.0114,-0.001,-0.0142,0.0
2021-05-21,-0.0004,0.0022,0.0098,0.0
2021-05-24,0.0099,-0.0037,-0.007,0.0
2021-05-25,-0.003,-0.0061,-0.0123,0.0
2021-05-26,0.0046,0.0175,0.0057,0.0
2021-05-27,0.0027,0.008,0.0095,0.0
2021-05-28,0.0004,-0.0029,-0.0032,0.0
2021-06-01,0.0003,0.0111,0.0144,0.0
2021-06-02,0.0012,-0.0013,0.0032,0.0
2021-06-03,-0.0053,-0.0054,0.0073,0.0
2021-06-04,0.009,-0.0035,-0.0091,0.0
2021-06-07,0.0014,0.0156,-0.0095,0.0
2021-06-08,0.0018,0.0114,-0.0031,0.0
2021-06-09,-0.0029,-0.003,-0.0084,0.0
2021-06-10,0.0041,-0.0089,-0.0205,0.0
2021-06-11,0.0037,0.0067,0.0017,0.0
2021-06-14,0.0015,-0.0031,-0.0162,0.0
2021-06-15,-0.003,-0.0001,0.0128,0.0
2021-06-16,-0.0046,0.0045,0.002,0.0
2021-06-17,0.0001,-0.0049,-0.0357,0.0
2021-06-18,-0.0123,-0.0042,-0.0144,0.0
2021-06-21,0.0136,0.0061,0.0106,0.0
2021-06-22,0.0058,0.0004,-0.0043,0.0
2021-06-23,0.0,0.0055,-0.0029,0.0
2021-06-24,0.0069,0.0066,0.0023,0.0
2021-06-25,0.0031,-0.007,0.0044,0.0
2021-06-28,0.0021,-0.0051,-0.0159,0.0
2021-06-29,0.0001,-0.0024,-0.003,0.0
2021-06-30,0.0007,-0.0011,0.0075,0.0
2021-07-01,0.0044,0.0036,0.0044,0.0
2021-07-02,0.0056,-0.0135,-0.007,0.0
2021-07-06,-0.0027,-0.0064,-0.02,0.0
2021-07-07,0.0011,-0.009,0.0008,0.0
2021-07-08,-0.0086,0.0015,-0.0079,0.0
2021-07-09,0.0126,0.0062,0.0157,0.0
2021-07-12,0.0023,-0.0016,0.0056,0.0
2021-07-13,-0.0055,-0.0112,-0.0042,0.0
2021-07-14,-0.0025,-0.0116,0.0035,0.0
2021-07-15,-0.0038,-0.0035,0.0079,0.0
2021-07-16,-0.0076,-0.0023,-0.0127,0.0
2021-07-19,-0.0142,0.0032,-0.0177,0.0
2021-07-20,0.017,0.008,0.0014,0.0
2021-07-21,0.0095,0.0063,0.0081,0.0
2021-07-22,0.001,-0.0133,-0.0102,0.0
2021-07-23,0.0099,-0.001,-0.0045,0.0
2021-07-26,0.0018,-0.001,0.0133,0.0
2021-07-27,-0.0065,-0.0065,0.0059,0.0
2021-07-28,0.0027,0.0141,-0.0064,0.0
2021-07-29,0.0042,0.0,0.0094,0.0
2021-07-30,-0.0066,-0.0007,-0.0018,0.0
2021-08-02,-0.0012,-0.0013,-0.0045,0.0
2021-08-03,0.0074,-0.0047,0.0093,0.0
2021-08-04,-0.0039,-0.0061,-0.0157,0.0
2021-08-05,0.0074,0.0113,-0.0012,0.0
2021-08-06,0.0009,0.0006,0.0188,0.0
2021-08-09,0.0,-0.0036,-0.0027,0.0
2021-08-10,0.0006,0.0002,0.0182,0.0
2021-08-11,0.002,-0.0001,0.0144,0.0
2021-08-12,0.0024,-0.0059,-0.0041,0.0
2021-08-13,0.0002,-0.0084,-0.0027,0.0
2021-08-16,-0.0003,-0.0085,0.0006,0.0
2021-08-17,-0.008,-0.0046,-0.0013,0.0
2021-08-18,-0.0096,0.0011,-0.0019,0.0
2021-08-19,-0.0013,-0.0079,-0.0083,0.0
2021-08-20,0.0092,0.01,-0.0051,0.0
2021-08-23,0.0107,0.0093,-0.0083,0.0
2021-08-24,0.004,0.0036,0.0035,0.0
2021-08-25,0.0027,-0.0004,0.0036,0.0
2021-08-26,-0.0065,-0.0039,-0.0033,0.0
2021-08-27,0.0108,0.0161,0.0031,0.0
2021-08-30,0.0035,-0.0033,-0.0139,0.0
2021-08-31,-0.0013,0.0044,-0.0004,0.0
2021-09-01,0.0011,0.0059,-0.0096,0.0
2021-09-02,0.0035,0.001,-0.0002,0.0
2021-09-03,-0.0002,-0.0038,-0.0028,0.0
2021-09-07,-0.0036,-0.0013,-0.0008,0.0
2021-09-08,-0.0033,-0.0082,0.0007,0.0
2021-09-09,-0.0028,0.0024,0.0009,0.0
2021-09-10,-0.0076,-0.0008,0.0002,0.0
2021-09-13,0.0015,-0.0007,0.0135,0.0
2021-09-14,-0.0066,-0.0049,-0.0097,0.0
2021-09-15,0.0088,0.0002,0.0067,0.0
2021-09-16,-0.0005,0.0004,-0.0058,0.0
2021-09-17,-0.0074,0.0098,-0.0005,0.0
2021-09-20,-0.0186,-0.0057,0.0022,0.0
2021-09-21,0.0003,0.0046,-0.0068,0.0
2021-09-22,0.01,0.0012,0.0061,0.0
2021-09-23,0.0128,0.0036,0.0092,0.0
2021-09-24,0.0009,-0.0047,0.0071,0.0
2021-09-27,-0.0011,0.0126,0.0244,0.0
2021-09-28,-0.0217,-0.0044,0.0177,0.0
2021-09-29,0.0004,-0.003,0.0081,0.0
2021-09-30,-0.0103,0.0031,-0.0077,0.0
2021-10-01,0.0112,0.0041,0.0051,0.0
2021-10-04,-0.0142,-0.0002,0.0235,0.0
2021-10-05,0.0106,-0.0052,-0.0007,0.0
2021-10-06,0.0034,-0.0086,-0.005,0.0
2021-10-07,0.0101,0.0053,-0.0018,0.0
2021-10-08,-0.0027,-0.0061,0.0113,0.0
2021-10-11,-0.0072,0.0032,-0.0028,0.0
2021-10-12,-0.0008,0.0063,-0.0043,0.0
2021-10-13,0.0043,0.0014,-0.0105,0.0
2021-10-14,0.0165,-0.0032,-0.0028,0.0
2021-10-15,0.0064,-0.0119,0.0029,0.0
2021-10-18,0.004,-0.0023,-0.0001,0.0
2021-10-19,0.007,-0.0049,-0.0024,0.0
2021-10-20,0.0034,-0.0002,0.012,0.0
2021-10-21,0.0036,0.0021,-0.0099,0.0
2021-10-22,-0.0025,-0.0023,0.0102,0.0
2021-10-25,0.0056,0.0049,-0.0013,0.0
2021-10-26,0.0005,-0.007,-0.003,0.0
2021-10-27,-0.0076,-0.0072,-0.0121,0.0
2021-10-28,0.0111,0.0088,-0.005,0.0
2021-10-29,0.0021,0.0019,-0.0083,0.0
2021-11-01,0.005,0.02,0.0044,0.0
2021-11-02,0.0025,-0.0029,-0.0055,0.0
2021-11-03,0.0079,0.0145,-0.0016,0.0
2021-11-04,0.0039,-0.0002,-0.0138,0.0
2021-11-05,0.0037,0.0068,0.0122,0.0
2021-11-08,0.0016,0.0002,0.001,0.0
2021-11-09,-0.0034,-0.0018,0.0046,0.0
2021-11-10,-0.0104,-0.0066,0.0095,0.0
2021-11-11,0.0017,0.0053,0.0035,0.0
2021-11-12,0.0074,-0.0032,-0.0091,0.0
2021-11-15,-0.0006,-0.0052,0.007,0.0
2021-11-16,0.0044,0.0004,-0.0068,0.0
2021-11-17,-0.0041,-0.0057,-0.0026,0.0
2021-11-18,0.0014,-0.0056,-0.0006,0.0
2021-11-19,-0.0025,-0.0017,-0.0131,0.0
2021-11-22,-0.0057,-0.0054,0.0278,0.0
2021-11-23,-0.0002,-0.0052,0.0177,0.0
2021-11-24,0.003,0.0003,-0.0087,0.0
2021-11-26,-0.0224,-0.0122,-0.0095,0.0
2021-11-29,0.011,-0.0102,-0.0078,0.0
2021-11-30,-0.0195,0.0053,-0.0113,0.0
2021-12-01,-0.0159,-0.0078,0.0109,0.0
2021-12-02,0.0153,0.0072,0.0125,0.0
2021-12-03,-0.0119,-0.0115,0.0108,0.0
2021-12-06,0.012,0.0076,0.0063,0.0
2021-12-07,0.0222,0.002,-0.0178,0.0
2021-12-08,0.0046,0.0067,-0.0085,0.0
2021-12-09,-0.0104,-0.0136,0.0155,0.0
2021-12-10,0.0071,-0.0083,0.0052,0.0
2021-12-13,-0.0104,-0.003,-0.0099,0.0
2021-12-14,-0.0076,-0.0068,0.0165,0.0
2021-12-15,0.0162,0.0038,-0.0191,0.0
2021-12-16,-0.0119,-0.016,0.028,0.0
2021-12-17,-0.0066,0.0189,-0.0234,0.0
2021-12-20,-0.0126,-0.0016,-0.0041,0.0
2021-12-21,0.0206,0.0082,0.0019,0.0
2021-12-22,0.0097,0.0026,-0.0035,0.0
2021-12-23,0.0072,0.0035,-0.0049,0.0
2021-12-27,0.0123,-0.001,0.0031,0.0
2021-12-28,-0.0026,-0.006,0.0082,0.0
2021-12-29,0.0007,-0.0006,0.0017,0.0
2021-12-30,-0.0017,0.001,-0.0041,0.0
2021-12-31,-0.0031,0.0005,0.0052,0.0
2022-01-03,0.0072,0.0035,0.0077,0.0
2022-01-04,-0.0027,-0.0081,0.0364,0.0
2022-01-05,-0.0226,-0.0146,0.0258,0.0
2022-01-06,0.0,0.0021,0.0176,0.0
2022-01-07,-0.0049,-0.0132,0.0202,0.0
2022-01-10,-0.0014,-0.0024,-0.0027,0.0
2022-01-11,0.0108,-0.0009,-0.0027,0.0
2022-01-12,0.0013,-0.0089,0.0052,0.0
2022-01-13,-0.0155,0.0032,0.0239,0.0
2022-01-14,0.0008,0.0018,0.0055,0.0
2022-01-18,-0.0207,-0.0104,0.0138,0.0
2022-01-19,-0.0102,-0.0032,-0.0067,0.0
2022-01-20,-0.0115,-0.0086,-0.0023,0.0
2022-01-21,-0.0209,0.0028,0.0047,0.0
2022-01-24,0.0054,0.0181,-0.0025,0.0
2022-01-25,-0.0142,-0.0061,0.028,0.0
2022-01-26,-0.0029,-0.0107,0.001,0.0
2022-01-27,-0.0076,-0.0165,0.0083,0.0
2022-01-28,0.0246,-0.0015,-0.0208,0.0
2022-01-31,0.0232,0.0131,-0.0287,0.0
2022-02-01,0.0087,0.0006,0.0065,0.0
2022-02-02,0.0051,-0.0173,0.007,0.0
2022-02-03,-0.0249,-0.0006,0.0219,0.0
2022-02-04,0.0089,-0.0002,-0.006,0.0
2022-02-07,-0.0024,0.0055,0.002,0.0
2022-02-08,0.0102,0.0068,-0.0029,0.0
2022-02-09,0.016,0.0024,-0.0196,0.0
2022-02-10,-0.0169,-0.0014,0.0123,0.0
2022-02-11,-0.0191,0.0061,0.0213,0.0
2022-02-14,-0.0035,0.0022,-0.0062,0.0
2022-02-15,0.0185,0.0131,-0.0141,0.0
2022-02-16,-0.0002,-0.001,0.0032,0.0
2022-02-17,-0.0229,-0.003,0.0115,0.0
2022-02-18,-0.0085,-0.0009,0.0095,0.0
2022-02-22,-0.0117,-0.0048,0.0009,0.0
2022-02-23,-0.0196,-0.002,0.0125,0.0
2022-02-24,0.0187,0.015,-0.0388,0.0
2022-02-25,0.0224,-0.0042,0.0119,0.0
2022-02-28,0.0003,0.0063,-0.0046,0.0
2022-03-01,-0.0155,-0.0011,-0.0085,0.0
2022-03-02,0.0182,0.0046,0.013,0.0
2022-03-03,-0.0086,-0.0057,0.0151,0.0
2022-03-04,-0.0109,-0.0067,0.0072,0.0
2022-03-07,-0.0314,0.0058,0.0089,0.0
2022-03-08,-0.0053,0.0103,0.003,0.0
2022-03-09,0.0279,0.0036,-0.0217,0.0
2022-03-10,-0.0047,0.0011,0.0118,0.0
2022-03-11,-0.0148,-0.0044,0.0176,0.0
2022-03-14,-0.0104,-0.0134,0.0179,0.0
2022-03-15,0.0215,-0.0015,-0.0237,0.0
2022-03-16,0.026,0.008,-0.0185,0.0
2022-03-17,0.0142,0.0029,-0.0106,0.0
2022-03-18,0.0132,0.0028,-0.0187,0.0
2022-03-21,-0.0017,-0.0112,0.0164,0.0
2022-03-22,0.013,0.0005,-0.0119,0.0
2022-03-23,-0.0126,-0.0064,0.004,0.0
2022-03-24,0.0142,-0.0008,-0.0082,0.0
2022-03-25,0.0028,-0.0059,0.0219,0.0
2022-03-28,0.0073,-0.0056,-0.0172,0.0
2022-03-29,0.0143,0.0153,-0.0192,0.0
2022-03-30,-0.0082,-0.0129,0.004,0.0
2022-03-31,-0.0154,0.0072,-0.0045,0.0
2022-04-01,0.0039,0.007,-0.0061,0.0
2022-04-04,0.0093,-0.0006,-0.0186,0.0
2022-04-05,-0.0153,-0.0096,0.0082,0.0
2022-04-06,-0.0123,-0.0066,0.0108,0.0
2022-04-07,0.0034,-0.0061,-0.0012,0.0
2022-04-08,-0.0038,-0.0099,0.0227,0.0
2022-04-11,-0.0154,0.0029,0.0105,0.0
2022-04-12,-0.0029,0.0054,0.0047,0.0
2022-04-13,0.0139,0.0092,-0.0071,0.0
2022-04-14,-0.0128,0.0002,0.0143,0.0
2022-04-18,-0.0019,-0.0081,0.018,0.0
2022-04-19,0.0176,0.0059,-0.0097,0.0
2022-04-20,-0.0027,0.002,0.0126,0.0
2022-04-21,-0.0173,-0.0073,0.0041,0.0
2022-04-22,-0.0274,0.0033,-0.0018,0.0
2022-04-25,0.007,0.0044,-0.0186,0.0
2022-04-26,-0.0299,-0.0068,0.018,0.0
2022-04-27,0.0013,-0.0061,0.0034,0.0
2022-04-28,0.0245,-0.0019,-0.0042,0.0
2022-04-29,-0.0354,0.0074,0.0061,0.0
2022-05-02,0.008,0.006,-0.0116,1e-05
2022-05-03,0.0041,-0.0017,0.0165,1e-05
2022-05-04,0.0301,-0.0045,0.0024,1e-05
2022-05-05,-0.038,-0.0079,0.0237,1e-05
2022-05-06,-0.0085,-0.0134,0.0184,1e-05
2022-05-09,-0.0352,-0.0051,0.0133,1e-05
2022-05-10,0.0022,-0.0022,-0.0122,1e-05
2022-05-11,-0.0193,-0.0113,0.0261,1e-05
2022-05-12,0.0015,0.0129,-0.0123,1e-05
2022-05-13,0.0274,0.0088,-0.0218,1e-05
2022-05-16,-0.0059,-0.002,0.0131,1e-05
2022-05-17,0.0213,0.0096,-0.0005,1e-05
2022-05-18,-0.0406,0.0021,0.0154,1e-05
2022-05-19,-0.0034,0.0049,-0.0081,1e-05
2022-05-20,-0.0005,-0.0011,-0.0019,1e-05
2022-05-23,0.0175,-0.0106,0.0131,1e-05
2022-05-24,-0.0121,-0.0092,0.0183,1e-05
2022-05-25,0.0121,0.0079,0.002,1e-05
2022-05-26,0.0218,0.0019,-0.0061,1e-05
2022-05-27,0.0258,0.0036,-0.0128,1e-05
2022-05-31,-0.0071,-0.005,0.0046,1e-05
2022-06-01,-0.0074,0.002,0.008,3e-05
2022-06-02,0.0209,0.0084,-0.0208,3e-05
2022-06-03,-0.0163,0.0085,0.0055,3e-05
2022-06-06,0.0033,-0.0002,0.0066,3e-05
2022-06-07,0.01,0.0033,-0.0015,3e-05
2022-06-08,-0.0102,-0.0009,-0.0053,3e-05
2022-06-09,-0.0243,0.0032,0.0026,3e-05
2022-06-10,-0.03,0.0009,0.0066,3e-05
2022-06-13,-0.0412,-0.0065,0.006,3e-05
2022-06-14,-0.0026,0.0022,0.0011,3e-05
2022-06-15,0.0155,0.0028,-0.0167,3e-05
2022-06-16,-0.0352,-0.0118,0.0,3e-05
2022-06-17,0.0045,0.0111,-0.0268,3e-05
2022-06-21,0.0238,-0.0076,0.0024,3e-05
2022-06-22,-0.0019,0.002,-0.0182,3e-05
2022-06-23,0.0112,0.008,-0.0389,3e-05
2022-06-24,0.0313,-0.0039,-0.0002,3e-05
2022-06-27,-0.0027,0.0056,0.0125,3e-05
2022-06-28,-0.0209,-0.0036,0.024,3e-05
2022-06-29,-0.0019,-0.0044,-0.0134,3e-05
2022-06-30,-0.0096,0.0041,-0.0014,3e-05
2022-07-01,0.0115,0.0003,0.0012,4e-05
2022-07-05,0.0048,0.0183,-0.0334,4e-05
2022-07-06,0.0017,-0.0075,-0.0076,4e-05
2022-07-07,0.0176,0.0099,-0.0095,4e-05
2022-07-08,-0.0007,0.0012,-0.0008,4e-05
2022-07-11,-0.0138,-0.0132,0.0161,4e-05
2022-07-12,-0.0089,0.0074,0.0052,4e-05
2022-07-13,-0.0039,0.0044,-0.0041,4e-05
2022-07-14,-0.0041,-0.0026,-0.0101,4e-05
2022-07-15,0.0196,-0.0006,0.005,4e-05
2022-07-18,-0.0071,0.0022,0.0101,4e-05
2022-07-19,0.0281,0.0089,-0.0054,4e-05
2022-07-20,0.0089,0.015,-0.0133,4e-05
2022-07-21,0.0097,0.0001,-0.0161,4e-05
2022-07-22,-0.0118,-0.0109,0.0139,4e-05
2022-07-25,0.0012,-0.003,0.0165,4e-05
2022-07-26,-0.0132,0.0009,0.0107,4e-05
2022-07-27,0.0272,0.0049,-0.0127,4e-05
2022-07-28,0.012,0.0011,-0.0092,4e-05
2022-07-29,0.0145,-0.0094,0.0045,4e-05
2022-08-01,-0.002,0.0032,-0.0024,8e-05
2022-08-02,-0.005,0.0091,-0.0141,8e-05
2022-08-03,0.0167,0.0075,-0.0195,8e-05
2022-08-04,-0.0005,0.0084,-0.0165,8e-05
2022-08-05,-0.0004,0.0087,-0.0005,8e-05
2022-08-08,0.0,0.0093,-0.0009,8e-05
2022-08-09,-0.0067,-0.018,0.0211,8e-05
2022-08-10,0.0235,0.0114,-0.0162,8e-05
2022-08-11,-0.0007,-0.0025,0.0167,8e-05
2022-08-12,0.0176,0.0065,-0.008,8e-05
2022-08-15,0.0038,0.0014,-0.0061,8e-05
2022-08-16,0.0019,-0.0034,0.007,8e-05
2022-08-17,-0.0092,-0.0117,0.0104,8e-05
2022-08-18,0.0027,0.0019,0.0045,8e-05
2022-08-19,-0.0149,-0.0117,0.0098,8e-05
2022-08-22,-0.0213,-0.0019,0.0034,8e-05
2022-08-23,-0.0011,0.0002,0.0031,8e-05
2022-08-24,0.0039,0.0065,-0.0062,8e-05
2022-08-25,0.0145,0.0017,-0.0001,8e-05
2022-08-26,-0.0337,-0.0055,0.0166,8e-05
2022-08-29,-0.0071,-0.0058,0.0044,8e-05
2022-08-30,-0.0111,-0.0025,-0.0022,8e-05
2022-08-31,-0.0075,0.0029,-0.0047,8e-05
2022-09-01,0.0,-0.0111,-0.0028,9e-05
2022-09-02,-0.0099,-0.0006,0.0103,9e-05
2022-09-06,-0.0051,-0.0045,-0.0054,9e-05
2022-09-07,0.0192,0.0071,-0.0154,9e-05
2022-09-08,0.0078,-0.0008,-0.0018,9e-05
2022-09-09,0.0167,0.0052,-0.0051,9e-05
2022-09-12,0.0107,0.0028,-0.0017,9e-05
2022-09-13,-0.0429,-0.0017,0.0141,9e-05
2022-09-14,0.0044,-0.0002,-0.0032,9e-05
2022-09-15,-0.0104,0.0034,0.0061,9e-05
2022-09-16,-0.0098,-0.0084,0.0086,9e-05
2022-09-19,0.0072,-0.0016,0.0068,9e-05
2022-09-20,-0.0115,-0.0021,0.0003,9e-05
2022-09-21,-0.0168,0.0037,0.0006,9e-05
2022-09-22,-0.0114,-0.0134,0.0044,9e-05
2022-09-23,-0.0185,-0.0025,-0.008,9e-05
2022-09-26,-0.0102,0.0018,-0.0075,9e-05
2022-09-27,-0.0005,0.0065,-0.0097,9e-05
2022-09-28,0.0214,0.009,-0.0036,9e-05
2022-09-29,-0.0216,-0.005,0.0092,9e-05
2022-09-30,-0.0143,0.005,0.0027,9e-05
2022-10-03,0.0256,-0.003,0.007,0.00011
2022-10-04,0.033,0.0081,-0.0009,0.00011
2022-10-05,-0.0021,-0.0035,0.0005,0.00011
2022-10-06,-0.0085,0.0052,0.0012,0.00011
2022-10-07,-0.029,-0.0062,0.0168,0.00011
2022-10-10,-0.008,0.0005,0.0076,0.00011
2022-10-11,-0.007,0.0055,0.0033,0.00011
2022-10-12,-0.0027,0.0007,0.0004,0.00011
2022-10-13,0.0241,-0.0062,0.0157,0.00011
2022-10-14,-0.0246,-0.0045,0.0123,0.00011
2022-10-17,0.0274,0.0069,-0.0141,0.00011
2022-10-18,0.0119,-0.001,-0.0002,0.00011
2022-10-19,-0.0087,-0.0133,0.0119,0.00011
2022-10-20,-0.008,-0.0028,-0.0045,0.00011
2022-10-21,0.023,-0.0019,0.0009,0.00011
2022-10-24,0.0104,-0.0072,0.0047,0.00011
2022-10-25,0.0178,0.0135,-0.0153,0.00011
2022-10-26,-0.0066,0.0042,0.009,0.00011
2022-10-27,-0.0054,0.0033,0.0108,0.00011
2022-10-28,0.0233,-0.0003,-0.0034,0.00011
2022-10-31,-0.0068,0.0038,0.0073,0.00011
2022-11-01,-0.0035,0.0016,0.008,0.00014
2022-11-02,-0.0267,-0.012,0.016,0.00014
2022-11-03,-0.0103,0.0028,0.0028,0.00014
2022-11-04,0.0116,-0.0062,0.0128,0.00014
2022-11-07,0.0087,-0.005,0.006,0.00014
2022-11-08,0.0051,-0.0047,-0.004,0.00014
2022-11-09,-0.0224,-0.0063,0.0055,0.00014
2022-11-10,0.0568,0.0161,-0.031,0.00014
2022-11-11,0.0106,0.0028,-0.0105,0.00014
2022-11-14,-0.0095,-0.0036,0.0036,0.00014
2022-11-15,0.0103,0.0069,-0.0073,0.00014
2022-11-16,-0.0102,-0.0123,0.0058,0.00014
2022-11-17,-0.0042,-0.0053,0.0056,0.00014
2022-11-18,0.004,-0.0016,0.0011,0.00014
2022-11-21,-0.0052,-0.0037,0.0099,0.00014
2022-11-22,0.0136,-0.0052,0.0044,0.00014
2022-11-23,0.0063,0.0002,-0.0093,0.00014
2022-11-25,-0.0003,0.0022,0.0043,0.00014
2022-11-28,-0.0155,-0.0042,-0.0019,0.00014
2022-11-29,-0.0019,0.001,0.0104,0.00014
2022-11-30,0.0312,0.0035,-0.0208,0.00014
2022-12-01,-0.0002,0.0024,-0.0069,0.00016
2022-12-02,-0.0008,0.0091,-0.0056,0.00016
2022-12-05,-0.0202,-0.006,-0.0054,0.00016
2022-12-06,-0.0151,-0.0025,0.0114,0.00016
2022-12-07,-0.0024,-0.0014,-0.0032,0.00016
2022-12-08,0.0076,0.002,-0.012,0.00016
2022-12-09,-0.008,-0.0054,0.0034,0.00016
2022-12-12,0.0141,-0.0031,-0.0016,0.00016
2022-12-13,0.0066,0.0017,-0.0077,0.00016
2022-12-14,-0.0056,0.0003,-0.0045,0.00016
2022-12-15,-0.0257,-0.0038,0.0139,0.00016
2022-12-16,-0.0102,0.0052,0.0017,0.00016
2022-12-19,-0.01,-0.0078,0.0125,0.00016
2022-12-20,0.0013,0.002,0.0025,0.00016
2022-12-21,0.0153,0.0013,-0.0012,0.00016
2022-12-22,-0.0152,0.0009,0.0038,0.00016
2022-12-23,0.0052,-0.0061,0.0116,0.00016
2022-12-27,-0.005,-0.0074,0.0142,0.00016
2022-12-28,-0.0124,-0.0024,-0.0028,0.00016
2022-12-29,0.0187,0.0126,-0.0106,0.00016
2022-12-30,-0.0022,0.0013,-0.0004,0.00016
2023-01-03,-0.0047,0.0008,-0.001,0.00017
2023-01-04,0.0081,0.0054,0.0005,0.00017
2023-01-05,-0.0114,-0.0018,0.012,0.00017
2023-01-06,0.0221,-0.0006,0.0003,0.00017
2023-01-09,0.0004,0.0055,-0.0123,0.00017
2023-01-10,0.0079,0.0091,-0.0056,0.00017
2023-01-11,0.0125,0.0017,-0.0083,0.00017
2023-01-12,0.0045,0.0143,-0.0027,0.00017
2023-01-13,0.0046,0.003,-0.0031,0.00017
2023-01-17,-0.0018,0.002,-0.0055,0.00017
2023-01-18,-0.0155,0.0003,-0.0071,0.00017
2023-01-19,-0.0086,-0.0028,0.0084,0.00017
2023-01-20,0.0194,0.0014,-0.0068,0.00017
2023-01-23,0.0128,0.0017,-0.0099,0.00017
2023-01-24,-0.0016,-0.0022,0.0018,0.00017
2023-01-25,0.0,-0.0005,0.0069,0.00017
2023-01-26,0.0109,-0.0058,0.0001,0.00017
2023-01-27,0.0034,0.0063,-0.0113,0.00017
2023-01-30,-0.0138,-0.0012,0.0074,0.00017
2023-01-31,0.0158,0.0102,-0.0006,0.00017
2023-02-01,0.0119,0.01,-0.0165,0.00018
2023-02-02,0.0154,0.0163,-0.0207,0.00018
2023-02-03,-0.0108,0.0009,0.0098,0.00018
2023-02-06,-0.0073,-0.0082,0.0043,0.00018
2023-02-07,0.0125,-0.0051,-0.0004,0.00018
2023-02-08,-0.0118,-0.0068,0.0071,0.00018
2023-02-09,-0.0094,-0.0064,0.0021,0.00018
2023-02-10,0.0012,-0.0069,0.015,0.00018
2023-02-13,0.0114,0.0019,-0.0073,0.00018
2023-02-14,0.0012,0.0017,-0.0068,0.00018
2023-02-15,0.005,0.0104,-0.0091,0.00018
2023-02-16,-0.0137,-0.0004,0.0097,0.00018
2023-02-17,-0.0028,0.0068,-0.0014,0.00018
2023-02-21,-0.0216,-0.0125,0.0088,0.00018
2023-02-22,-0.0004,0.0052,-0.0046,0.00018
2023-02-23,0.0047,0.0022,-0.0023,0.00018
2023-02-24,-0.0108,-0.005,0.0126,0.00018
2023-02-27,0.0031,0.0016,-0.003,0.00018
2023-02-28,-0.0026,0.0063,-0.0069,0.00018
2023-03-01,-0.0041,0.002,0.0062,0.00016
2023-03-02,0.0067,-0.0037,-0.0044,0.00016
2023-03-03,0.0161,0.0,-0.0054,0.00016
2023-03-06,-0.0013,-0.0162,-0.0008,0.00016
2023-03-07,-0.0145,0.0074,-0.0068,0.00016
2023-03-08,0.0008,0.0017,-0.0039,0.00016
2023-03-09,-0.0202,-0.0068,-0.0076,0.00016
2023-03-10,-0.0168,-0.0153,0.0072,0.00016
2023-03-13,-0.0034,-0.0063,-0.036,0.00016
2023-03-14,0.0172,0.0015,-0.0036,0.00016
2023-03-15,-0.0079,-0.0008,-0.0184,0.00016
2023-03-16,0.0176,0.0018,-0.0016,0.00016
2023-03-17,-0.0121,-0.0083,-0.0163,0.00016
2023-03-20,0.0084,-0.0061,0.0078,0.00016
2023-03-21,0.0149,0.0045,0.0073,0.00016
2023-03-22,-0.0174,-0.008,-0.0053,0.00016
2023-03-23,0.0021,-0.0019,-0.0154,0.00016
2023-03-24,0.0046,0.0013,0.0071,0.00016
2023-03-27,0.0028,0.0022,0.0103,0.00016
2023-03-28,-0.0017,-0.0018,0.0075,0.00016
2023-03-29,0.0139,-0.003,-0.0054,0.00016
2023-03-30,0.0051,-0.0055,-0.006,0.00016
2023-03-31,0.0153,0.0067,-0.0076,0.00016
2023-04-03,0.0028,-0.0047,0.0079,0.00018
2023-04-04,-0.0072,-0.0096,-0.0072,0.00018
2023-04-05,-0.0039,-0.0139,0.014,0.00018
2023-04-06,0.0034,0.0006,-0.0051,0.00018
2023-04-10,0.002,0.0079,0.0026,0.00018
2023-04-11,0.0006,0.0046,0.0055,0.00018
2023-04-12,-0.0051,-0.0055,0.0037,0.00018
2023-04-13,0.0139,0.0036,-0.0119,0.00018
2023-04-14,-0.0023,-0.0096,0.002,0.00018
2023-04-17,0.0033,0.008,-0.002,0.00018
2023-04-18,0.0004,-0.0044,-0.0031,0.00018
2023-04-19,-0.0004,0.0029,0.0042,0.00018
2023-04-20,-0.0061,0.0009,-0.0028,0.00018
2023-04-21,0.0008,0.0026,-0.0095,0.00018
2023-04-24,0.0,-0.0039,0.0046,0.00018
2023-04-25,-0.0176,-0.0098,0.0009,0.00018
2023-04-26,-0.0042,0.0014,-0.0074,0.00018
2023-04-27,0.0185,-0.0056,0.0,0.00018
2023-04-28,0.0078,0.0013,0.0019,0.00018
2023-05-01,-0.0002,0.0029,-0.0082,0.00016
2023-05-02,-0.0127,-0.0056,-0.0146,0.00016
2023-05-03,-0.0057,0.0107,-0.0103,0.00016
2023-05-04,-0.0078,-0.0034,-0.0104,0.00016
2023-05-05,0.0191,0.0042,0.0069,0.00016
2023-05-08,0.0007,-0.0031,-0.003,0.00016
2023-05-09,-0.0043,0.0012,-0.0002,0.00016
2023-05-10,0.0043,0.0046,-0.0132,0.00016
2023-05-11,-0.002,-0.0049,-0.0009,0.00016
2023-05-12,-0.0022,-0.0019,0.0034,0.00016
2023-05-15,0.0046,0.0084,0.0002,0.00016
2023-05-16,-0.0072,-0.0033,-0.0048,0.00016
2023-05-17,0.0131,0.0089,0.0122,0.00016
2023-05-18,0.0099,-0.0007,-0.0038,0.00016
2023-05-19,-0.0026,-0.0045,-0.0032,0.00016
2023-05-22,0.0017,0.0127,-0.002,0.00016
2023-05-23,-0.011,0.0039,0.0109,0.00016
2023-05-24,-0.0072,-0.0031,-0.002,0.00016
2023-05-25,0.0065,-0.0071,-0.0108,0.00016
2023-05-26,0.0132,0.0003,-0.0086,0.00016
2023-05-30,-0.0001,-0.0015,-0.0042,0.00016
2023-05-31,-0.006,-0.0011,-0.0116,0.00016
2023-06-01,0.0102,0.0015,-0.0006,0.00019
2023-06-02,0.0162,0.0157,0.0166,0.00019
2023-06-05,-0.0026,-0.0101,-0.0075,0.00019
2023-06-06,0.0046,0.0213,0.0135,0.00019
2023-06-07,-0.0036,0.0136,0.0228,0.00019
2023-06-08,0.0059,-0.0049,-0.0116,0.00019
2023-06-09,0.0003,-0.0071,-0.0041,0.00019
2023-06-12,0.0094,0.0005,-0.0141,0.00019
2023-06-13,0.0074,0.0059,0.0006,0.00019
2023-06-14,-0.0003,-0.0091,-0.0092,0.00019
2023-06-15,0.0122,-0.0037,0.0009,0.00019
2023-06-16,-0.0045,-0.0055,0.0022,0.00019
2023-06-20,-0.0049,0.0043,-0.0069,0.00019
2023-06-21,-0.0056,0.0002,0.0053,0.00019
2023-06-22,0.0032,-0.0067,-0.0126,0.00019
2023-06-23,-0.0084,-0.0063,0.0007,0.00019
2023-06-26,-0.0048,-0.0034,0.0129,0.00019
2023-06-27,0.0121,0.0048,-0.0051,0.00019
2023-06-28,0.0003,0.0055,-0.0044,0.00019
2023-06-29,0.0044,0.0053,0.0078,0.00019
2023-06-30,0.0114,-0.0064,-0.0078,0.00019
2023-07-03,0.0015,0.0001,0.0106,0.00022
2023-07-05,-0.0029,-0.0095,-0.0026,0.00022
2023-07-06,-0.0094,-0.0051,-0.0069,0.00022
2023-07-07,-0.0013,0.0106,0.0121,0.00022
2023-07-10,0.0036,0.0128,-0.0001,0.00022
2023-07-11,0.0076,0.0003,0.0048,0.00022
2023-07-12,0.0074,0.0031,0.0046,0.00022
2023-07-13,0.009,0.0005,-0.001,0.00022
2023-07-14,-0.0025,-0.003,-0.0152,0.00022
2023-07-17,0.0048,0.0076,-0.0027,0.00022
2023-07-18,0.0078,0.0021,0.0108,0.00022
2023-07-19,0.0025,-0.0007,0.0132,0.00022
2023-07-20,-0.0081,-0.0058,0.0065,0.00022
2023-07-21,-0.0005,-0.0033,-0.0036,0.00022
2023-07-24,0.0031,-0.0028,0.0076,0.00022
2023-07-25,0.0025,-0.0005,-0.0078,0.00022
2023-07-26,0.0001,0.0068,0.0102,0.00022
2023-07-27,-0.0074,-0.0091,0.0028,0.00022
2023-07-28,0.0113,0.0055,-0.0034,0.00022
2023-07-31,0.0025,0.0108,-0.0009,0.00022
2023-08-01,-0.0034,-0.0017,0.0031,0.0002
2023-08-02,-0.0149,-0.0018,0.0057,0.0002
2023-08-03,-0.0019,-0.0004,0.0008,0.0002
2023-08-04,-0.0048,0.0003,0.0076,0.0002
2023-08-07,0.0078,-0.0116,0.006,0.0002
2023-08-08,-0.0047,0.0004,0.0015,0.0002
2023-08-09,-0.0078,-0.0007,-0.0004,0.0002
2023-08-10,0.0001,-0.0032,-0.0067,0.0002
2023-08-11,-0.0011,0.0012,0.0045,0.0002
2023-08-14,0.0051,-0.0066,-0.0077,0.0002
2023-08-15,-0.0118,0.0025,-0.0103,0.0002
2023-08-16,-0.0081,-0.004,-0.0014,0.0002
2023-08-17,-0.0087,-0.0033,0.0049,0.0002
2023-08-18,0.0004,0.0041,-0.0022,0.0002
2023-08-21,0.0064,-0.0068,-0.0059,0.0002
2023-08-22,-0.0032,0.0023,-0.0104,0.0002
2023-08-23,0.0108,-0.001,-0.0012,0.0002
2023-08-24,-0.0142,-0.0019,0.0062,0.0002
2023-08-25,0.0065,-0.0007,-0.0057,0.0002
2023-08-28,0.0063,-0.0002,0.0041,0.0002
2023-08-29,0.015,0.0001,-0.0012,0.0002
2023-08-30,0.0041,0.0024,-0.0046,0.0002
2023-08-31,-0.0008,-0.0023,0.0022,0.0002
2023-09-01,0.0026,0.0067,0.0058,0.00021
2023-09-05,-0.0054,-0.0136,-0.0087,0.00021
2023-09-06,-0.0071,-0.0001,-0.0018,0.00021
2023-09-07,-0.004,-0.0063,0.0002,0.00021
2023-09-08,0.0012,-0.0062,0.004,0.00021
2023-09-11,0.0066,-0.0026,-0.0053,0.00021
2023-09-12,-0.0059,-0.0025,0.0101,0.00021
2023-09-13,0.0004,-0.0079,-0.002,0.00021
2023-09-14,0.0083,0.0023,0.0086,0.00021
2023-09-15,-0.0121,0.0015,0.0025,0.00021
2023-09-18,-0.0004,-0.0083,-0.0018,0.00021
2023-09-19,-0.0026,-0.0012,0.0,0.00021
2023-09-20,-0.0095,-0.001,0.0026,0.00021
2023-09-21,-0.0168,0.0019,0.0038,0.00021
2023-09-22,-0.0025,0.0002,-0.005,0.00021
2023-09-25,0.0039,-0.0011,0.0033,0.00021
2023-09-26,-0.0146,0.004,-0.005,0.00021
2023-09-27,0.0013,0.0069,0.001,0.00021
2023-09-28,0.0065,0.0016,0.0003,0.00021
2023-09-29,-0.0028,-0.0004,0.0032,0.00021
2023-10-02,-0.0014,-0.0092,-0.0105,0.00021
2023-10-03,-0.0149,-0.0033,-0.0014,0.00021
2023-10-04,0.0077,-0.0027,-0.0037,0.00021
2023-10-05,-0.0015,0.0031,0.001,0.00021
2023-10-06,0.0121,-0.003,-0.0056,0.00021
2023-10-09,0.0059,-0.0031,0.0025,0.00021
2023-10-10,0.006,0.0016,0.0063,0.00021
2023-10-11,0.0033,-0.0067,0.0038,0.00021
2023-10-12,-0.0081,-0.0147,0.0011,0.00021
2023-10-13,-0.0059,-0.0046,0.0006,0.00021
2023-10-16,0.0113,0.0061,-0.001,0.00021
2023-10-17,0.0009,0.0087,0.007,0.00021
2023-10-18,-0.0146,-0.0063,-0.0018,0.00021
2023-10-19,-0.0092,-0.005,-0.0022,0.00021
2023-10-20,-0.0132,0.0006,-0.0015,0.00021
2023-10-23,-0.0023,-0.0026,-0.0078,0.00021
2023-10-24,0.0074,0.0025,-0.0058,0.00021
2023-10-25,-0.0157,-0.0031,0.0085,0.00021
2023-10-26,-0.0115,0.0085,0.0168,0.00021
2023-10-27,-0.0052,-0.0035,-0.0059,0.00021
2023-10-30,0.0115,-0.0038,0.0029,0.00021
2023-10-31,0.0063,0.0005,-0.0006,0.00021
2023-11-01,0.0093,-0.0063,-0.0002,0.00021
2023-11-02,0.0194,0.0047,0.0163,0.00021
2023-11-03,0.011,0.0162,0.0061,0.00021
2023-11-06,0.0001,-0.0107,-0.0064,0.00021
2023-11-07,0.0035,-0.0001,-0.0122,0.00021
2023-11-08,-0.0003,-0.0082,-0.0046,0.00021
2023-11-09,-0.0089,-0.0108,0.0049,0.00021
2023-11-10,0.0149,-0.0058,-0.0044,0.00021
2023-11-13,-0.0005,0.0016,-0.0026,0.00021
2023-11-14,0.0218,0.0299,0.012,0.00021
2023-11-15,0.0018,-0.0005,0.005,0.00021
2023-11-16,-0.0011,-0.014,-0.003,0.00021
2023-11-17,0.0025,0.0099,0.0063,0.00021
2023-11-20,0.0073,0.0,-0.0029,0.00021
2023-11-21,-0.0032,-0.008,-0.0061,0.00021
2023-11-22,0.0047,0.0021,-0.0004,0.00021
2023-11-24,0.0011,0.0059,0.0018,0.00021
2023-11-27,-0.0023,-0.0011,-0.0009,0.00021
2023-11-28,0.0005,-0.0029,0.0004,0.00021
2023-11-29,0.0001,0.0043,0.0069,0.00021
2023-11-30,0.0035,-0.0046,0.0001,0.00021
2023-12-01,0.0081,0.0206,0.0107,0.00021
2023-12-04,-0.0044,0.0141,0.0051,0.00021
2023-12-05,-0.0021,-0.0083,-0.0083,0.00021
2023-12-06,-0.004,0.003,0.0032,0.00021
2023-12-07,0.0081,0.0006,0.0047,0.00021
2023-12-08,0.0044,0.0001,0.0052,0.00021
2023-12-11,0.0036,-0.0039,-0.0012,0.00021
2023-12-12,0.0034,-0.0043,-0.0088,0.00021
2023-12-13,0.0155,0.0172,0.0135,0.00021
2023-12-14,0.005,0.0111,0.0203,0.00021
2023-12-15,-0.0006,-0.004,-0.0057,0.00021
2023-12-18,0.0042,-0.004,-0.0037,0.00021
2023-12-19,0.0072,0.0136,0.0069,0.00021
2023-12-20,-0.0155,-0.0037,0.0013,0.00021
2023-12-21,0.0109,0.0074,-0.0004,0.00021
2023-12-22,0.002,0.0064,0.001,0.00021
2023-12-26,0.0048,0.007,0.0044,0.00021
2023-12-27,0.0016,0.0013,0.0011,0.00021
2023-12-28,-0.0001,-0.0036,0.0004,0.00021
2023-12-29,-0.0043,-0.0112,-0.0037,0.00021
2024-01-02,-0.007,-0.0055,0.0079,0.00022
2024-01-03,-0.0101,-0.0195,-0.0011,0.00022
2024-01-04,-0.0033,0.0021,0.0009,0.00022
2024-01-05,0.0015,-0.0081,0.0063,0.00022
2024-01-08,0.0149,0.009,-0.0127,0.00022
2024-01-09,-0.0021,-0.0044,-0.0089,0.00022
2024-01-10,0.0051,-0.001,-0.0044,0.00022
2024-01-11,-0.0014,-0.0045,-0.0052,0.00022
2024-01-12,-0.0001,-0.0011,-0.0049,0.00022
2024-01-16,-0.0047,-0.0076,-0.0061,0.00022
2024-01-17,-0.0059,-0.0008,-0.0025,0.00022
2024-01-18,0.0087,-0.0011,-0.0035,0.00022
2024-01-19,0.0119,-0.0047,0.0067,0.00022
2024-01-22,0.0038,0.0173,0.0058,0.00022
2024-01-23,0.0022,-0.0066,-0.0055,0.00022
2024-01-24,-0.0001,-0.0074,0.0005,0.00022
2024-01-25,0.0046,0.0004,0.0057,0.00022
2024-01-26,-0.0002,0.0041,-0.0027,0.00022
2024-01-29,0.0085,0.0107,-0.0059,0.00022
2024-01-30,-0.0013,-0.0127,0.0085,0.00022
2024-01-31,-0.0174,-0.0092,-0.0029,0.00022
2024-02-01,0.0123,0.0064,-0.0135,0.00021
2024-02-02,0.0099,-0.0143,-0.0051,0.00021
2024-02-05,-0.0042,-0.0073,-0.0066,0.00021
2024-02-06,0.0027,0.0085,-0.0047,0.00021
2024-02-07,0.0077,-0.009,-0.0061,0.00021
2024-02-08,0.0021,0.0149,0.0001,0.00021
2024-02-09,0.0065,0.01,-0.0042,0.00021
2024-02-12,0.0004,0.0129,0.0111,0.00021
2024-02-13,-0.016,-0.024,-0.0065,0.00021
2024-02-14,0.0114,0.0157,-0.0022,0.00021
2024-02-15,0.0067,0.0084,0.0105,0.00021
2024-02-16,-0.0053,-0.0066,-0.0018,0.00021
2024-02-20,-0.0073,-0.0086,0.0033,0.00021
2024-02-21,-0.0002,-0.0082,0.0014,0.00021
2024-02-22,0.0202,-0.012,-0.0129,0.00021
2024-02-23,0.0002,0.0028,0.0,0.00021
2024-02-26,-0.0026,0.0101,-0.0012,0.00021
2024-02-27,0.0027,0.012,-0.0044,0.00021
2024-02-28,-0.0026,-0.0086,-0.0001,0.00021
2024-02-29,0.0053,-0.0036,0.0098,0.00021
2024-03-01,0.0077,0.0009,-0.0055,0.00021
2024-03-04,-0.0018,-0.0079,0.0034,0.00021
2024-03-05,-0.0107,-0.0032,0.0117,0.00021
2024-03-06,0.0053,-0.0016,-0.0003,0.00021
2024-03-07,0.0102,-0.0047,0.0003,0.00021
2024-03-08,-0.0066,0.005,0.0057,0.00021
2024-03-11,-0.002,-0.0072,0.004,0.00021
2024-03-12,0.0104,-0.0097,-0.0069,0.00021
2024-03-13,-0.0014,0.003,-0.0002,0.00021
2024-03-14,-0.0042,-0.0131,-0.0104,0.00021
2024-03-15,-0.0058,0.0075,0.0079,0.00021
2024-03-18,0.0053,-0.0102,-0.0025,0.00021
2024-03-19,0.0054,0.0053,-0.0027,0.00021
2024-03-20,0.0102,0.0091,0.0101,0.00021
2024-03-21,0.0042,0.0004,0.0095,0.00021
2024-03-22,-0.0023,-0.0086,-0.0053,0.00021
2024-03-25,-0.0027,-0.0024,0.0086,0.00021
2024-03-26,-0.0026,0.0009,-0.0013,0.00021
2024-03-27,0.0088,0.0104,0.0092,0.00021
2024-03-28,0.0011,0.0029,0.0049,0.00021
2024-04-01,-0.0026,-0.009,-0.0028,0.00021
2024-04-02,-0.0085,-0.011,0.0003,0.00021
2024-04-03,0.0017,0.0031,-0.0003,0.00021
2024-04-04,-0.0122,0.0017,0.0015,0.00021
2024-04-05,0.0106,-0.0032,-0.0068,0.00021
2024-04-08,0.0001,0.0052,0.0014,0.00021
2024-04-09,0.0013,0.0037,-0.0032,0.00021
2024-04-10,-0.01,-0.0137,-0.0104,0.00021
2024-04-11,0.0073,0.0024,-0.0062,0.00021
2024-04-12,-0.0153,-0.0033,0.0011,0.00021
2024-04-15,-0.0129,-0.0048,0.0076,0.00021
2024-04-16,-0.0023,-0.0003,-0.0083,0.00021
2024-04-17,-0.0064,-0.0049,0.0056,0.00021
2024-04-18,-0.0027,-0.0028,0.0087,0.00021
2024-04-19,-0.0082,0.0082,0.019,0.00021
2024-04-22,0.0087,-0.0021,0.0054,0.00021
2024-04-23,0.0127,0.0059,0.0,0.00021
2024-04-24,-0.0001,-0.0031,0.0028,0.00021
2024-04-25,-0.0047,-0.0031,-0.002,0.00021
2024-04-26,0.0104,0.0046,-0.0107,0.00021
2024-04-29,0.0034,0.0038,-0.0048,0.00021
2024-04-30,-0.0167,-0.0019,-0.0025,0.00021
2024-05-01,-0.0027,0.0109,0.0003,0.0002
2024-05-02,0.0101,0.0072,-0.0003,0.0002
2024-05-03,0.0118,0.0002,-0.0019,0.0002
2024-05-06,0.0108,0.0003,-0.0006,0.0002
2024-05-07,0.0005,0.0007,-0.006,0.0002
2024-05-08,-0.0009,-0.0054,0.0058,0.0002
2024-05-09,0.0052,0.0042,0.0037,0.0002
2024-05-10,0.0009,-0.0093,0.0001,0.0002
2024-05-13,-0.0004,0.0024,-0.0026,0.0002
2024-05-14,0.0056,0.0052,0.0002,0.0002
2024-05-15,0.0115,-0.0035,-0.0022,0.0002
2024-05-16,-0.0025,-0.0015,-0.0001,0.0002
2024-05-17,0.0011,-0.0024,0.004,0.0002
2024-05-20,0.0014,0.0027,-0.0088,0.0002
2024-05-21,0.0016,-0.0045,0.0018,0.0002
2024-05-22,-0.0035,-0.0028,-0.0037,0.0002
2024-05-23,-0.0084,-0.0059,-0.0064,0.0002
2024-05-24,0.0072,0.0004,0.0015,0.0002
2024-05-28,-0.0004,0.0029,-0.0088,0.0002
2024-05-29,-0.0077,-0.0029,-0.0062,0.0002
2024-05-30,-0.0053,0.0103,0.01,0.0002
2024-05-31,0.0068,-0.0036,0.0078,0.0002
2024-06-03,0.0005,-0.002,-0.0057,0.00022
2024-06-04,-0.0006,-0.0099,-0.0077,0.00022
2024-06-05,0.0123,0.0048,-0.0061,0.00022
2024-06-06,-0.0006,-0.0045,-0.0007,0.00022
2024-06-07,-0.0023,-0.0099,0.0007,0.00022
2024-06-10,0.0027,-0.0012,-0.0028,0.00022
2024-06-11,0.002,0.0013,-0.0106,0.00022
2024-06-12,0.0094,0.0084,0.0009,0.00022
2024-06-13,0.0005,-0.0085,-0.0063,0.00022
2024-06-14,-0.0016,-0.0129,-0.0064,0.00022
2024-06-17,0.0078,-0.0041,0.0052,0.00022
2024-06-18,0.002,-0.0054,0.0037,0.00022
2024-06-20,-0.003,-0.0037,0.0025,0.00022
2024-06-21,-0.0013,0.0058,-0.0051,0.00022
2024-06-24,-0.0026,0.0025,0.0109,0.00022
2024-06-25,0.0031,-0.0056,-0.0121,0.00022
2024-06-26,0.0016,0.001,-0.0021,0.00022
2024-06-27,0.0014,0.0072,-0.0039,0.00022
2024-06-28,-0.0035,0.0072,0.0127,0.00022
2024-07-01,0.0023,-0.01,-0.0048,0.00021
2024-07-02,0.0057,-0.0054,0.004,0.00021
2024-07-03,0.0048,-0.0003,-0.0069,0.00021
2024-07-05,0.0048,-0.0047,-0.0143,0.00021
2024-07-08,0.001,0.0062,-0.0019,0.00021
2024-07-09,0.0,-0.006,0.005,0.00021
2024-07-10,0.0097,-0.0007,0.0041,0.00021
2024-07-11,-0.006,0.0361,0.0177,0.00021
2024-07-12,0.0058,0.0072,-0.0047,0.00021
2024-07-15,0.0038,0.0098,0.0057,0.00021
2024-07-16,0.0082,0.0235,0.0134,0.00021
2024-07-17,-0.0149,-0.0031,0.0246,0.00021
2024-07-18,-0.0095,-0.0109,0.0003,0.00021
2024-07-19,-0.0068,0.0017,-0.0013,0.00021
2024-07-22,0.0108,0.0088,-0.0055,0.00021
2024-07-23,-0.0007,0.0129,0.0001,0.00021
2024-07-24,-0.024,-0.0066,0.0173,0.00021
2024-07-25,-0.003,0.0146,0.0067,0.00021
2024-07-26,0.011,0.0053,-0.0017,0.00021
2024-07-29,-0.0002,-0.01,-0.0048,0.00021
2024-07-30,-0.005,0.0009,0.0137,0.00021
2024-07-31,0.0152,-0.0034,-0.0134,0.00021
